B06X9HVVC5;Sony;XperiaXA1;https://www.amazon.com/Sony-Xperia-XA1-Unlocked-Smartphone/dp/B06X9HVVC5;https://m.media-amazon.com/images/I/71wchmqQn+L._AC_UY218_ML3_.jpg;3;https://www.amazon.com/product-reviews/B06X9HVVC5;232;Android 7.0;5;720x1280;2300;Li-Ion;3;2017-02-01;143;32;FALSE;TRUE;FALSE;FALSE;TRUE;FALSE;FALSE;FALSE;FALSE;FALSE;140
B06XGZHSBS;Sony;XperiaL1;https://www.amazon.com/Sony-G3313-Unlocked-Quad-Core-Android/dp/B06XGZHSBS;https://m.media-amazon.com/images/I/71cLpzYW9IL._AC_UY218_ML3_.jpg;3.7;https://www.amazon.com/product-reviews/B06XGZHSBS;117;Android 7.0;5.5;720x1280;2620;Li-Ion;2;2017-03-01;180;16;FALSE;TRUE;FALSE;FALSE;TRUE;FALSE;FALSE;FALSE;FALSE;FALSE;110
B06XYKR7GP;Samsung;GalaxyS8+;https://www.amazon.com/Samsung-Galaxy-64GB-Unlocked-Phone/dp/B06XYKR7GP;https://m.media-amazon.com/images/I/81cGg4cg5RL._AC_UY218_ML3_.jpg;4;https://www.amazon.com/product-reviews/B06XYKR7GP;54;Android 7.0;6.2;1440x2960;3500;Li-Ion;6;2017-03-29;173;64;TRUE;TRUE;TRUE;FALSE;TRUE;TRUE;TRUE;TRUE;FALSE;FALSE;350
B06XYMCMHD;Samsung;GalaxyS8+;https://www.amazon.com/Samsung-Galaxy-SM-G950F-Unlocked-64GB/dp/B06XYMCMHD;https://m.media-amazon.com/images/I/81FWIR3RbUL._AC_UY218_ML3_.jpg;3.9;https://www.amazon.com/product-reviews/B06XYMCMHD;117;Android 7.0;6.2;1440x2960;3500;Li-Ion;6;2017-03-29;173;64;TRUE;TRUE;TRUE;FALSE;TRUE;TRUE;TRUE;TRUE;FALSE;FALSE;350
B06XZPNYL7;Samsung;GalaxyS8+;https://www.amazon.com/Samsung-Galaxy-64GB-Unlocked-Phone/dp/B06XZPNYL7;https://m.media-amazon.com/images/I/71Vf5BDe4vL._AC_UY218_ML3_.jpg;3.1;https://www.amazon.com/product-reviews/B06XZPNYL7;20;Android 7.0;6.2;1440x2960;3500;Li-Ion;6;2017-03-29;173;64;TRUE;TRUE;TRUE;FALSE;TRUE;TRUE;TRUE;TRUE;FALSE;FALSE;350
B06XZRH5ZC;Samsung;GalaxyS8+;https://www.amazon.com/Samsung-Galaxy-64GB-Unlocked-Phone/dp/B06XZRH5ZC;https://m.media-amazon.com/images/I/61FtFt6rO-L._AC_UY218_ML3_.jpg;4;https://www.amazon.com/product-reviews/B06XZRH5ZC;117;Android 7.0;6.2;1440x2960;3500;Li-Ion;6;2017-03-29;173;64;TRUE;TRUE;TRUE;FALSE;TRUE;TRUE;TRUE;TRUE;FALSE;FALSE;350
B06XZWNRC5;Samsung;GalaxyS8+;https://www.amazon.com/Samsung-Galaxy-SM-G955U-Arctic-Silver/dp/B06XZWNRC5;https://m.media-amazon.com/images/I/817r8IrEN5L._AC_UY218_ML3_.jpg;3.1;https://www.amazon.com/product-reviews/B06XZWNRC5;8;Android 7.0;6.2;1440x2960;3500;Li-Ion;6;2017-03-29;173;64;TRUE;TRUE;TRUE;FALSE;TRUE;TRUE;TRUE;TRUE;FALSE;FALSE;350
B06Y14K2C6;Samsung;GalaxyS8+;https://www.amazon.com/Samsung-Galaxy-64GB-Phone-display/dp/B06Y14K2C6;https://m.media-amazon.com/images/I/61tsDmFOsFL._AC_UY218_ML3_.jpg;4.1;https://www.amazon.com/product-reviews/B06Y14K2C6;83;Android 7.0;6.2;1440x2960;3500;Li-Ion;6;2017-03-29;173;64;TRUE;TRUE;TRUE;FALSE;TRUE;TRUE;TRUE;TRUE;FALSE;FALSE;350
B06Y14T5YW;Samsung;GalaxyS8+;https://www.amazon.com/Samsung-Galaxy-Factory-Unlocked-Smartphone/dp/B06Y14T5YW;https://m.media-amazon.com/images/I/617E5oYXENL._AC_UY218_ML3_.jpg;4;https://www.amazon.com/product-reviews/B06Y14T5YW;2;Android 7.0;6.2;1440x2960;3500;Li-Ion;6;2017-03-29;173;64;TRUE;TRUE;TRUE;FALSE;TRUE;TRUE;TRUE;TRUE;FALSE;FALSE;350
B06Y15CB1T;Samsung;GalaxyS8+;https://www.amazon.com/Samsung-Galaxy-64GB-Unlocked-Phone/dp/B06Y15CB1T;https://m.media-amazon.com/images/I/41shkvVlVEL._AC_UY218_ML3_.jpg;4;https://www.amazon.com/product-reviews/B06Y15CB1T;3;Android 7.0;6.2;1440x2960;3500;Li-Ion;6;2017-03-29;173;64;TRUE;TRUE;TRUE;FALSE;TRUE;TRUE;TRUE;TRUE;FALSE;FALSE;350
B06Y15D68F;Samsung;GalaxyS8+;https://www.amazon.com/Samsung-Galaxy-64GB-Unlocked-Phone/dp/B06Y15D68F;https://m.media-amazon.com/images/I/615VuRqILsL._AC_UY218_ML3_.jpg;3.6;https://www.amazon.com/product-reviews/B06Y15D68F;24;Android 7.0;6.2;1440x2960;3500;Li-Ion;6;2017-03-29;173;64;TRUE;TRUE;TRUE;FALSE;TRUE;TRUE;TRUE;TRUE;FALSE;FALSE;350
B06Y16RL4W;Samsung;GalaxyS8+;https://www.amazon.com/Samsung-Galaxy-Factory-Unlocked-Smartphone/dp/B06Y16RL4W;https://m.media-amazon.com/images/I/51wJeaY3ekL._AC_UY218_ML3_.jpg;3.7;https://www.amazon.com/product-reviews/B06Y16RL4W;793;Android 7.0;6.2;1440x2960;3500;Li-Ion;6;2017-03-29;173;64;TRUE;TRUE;TRUE;FALSE;TRUE;TRUE;TRUE;TRUE;FALSE;FALSE;350
B06Y17BL9Y;Samsung;GalaxyS8+;https://www.amazon.com/Samsung-Galaxy-G950U-Unlocked-Phone/dp/B06Y17BL9Y;https://m.media-amazon.com/images/I/61zppUp3YzL._AC_UY218_ML3_.jpg;2.5;https://www.amazon.com/product-reviews/B06Y17BL9Y;4;Android 7.0;6.2;1440x2960;3500;Li-Ion;6;2017-03-29;173;64;TRUE;TRUE;TRUE;FALSE;TRUE;TRUE;TRUE;TRUE;FALSE;FALSE;350
B06Y189H68;Samsung;GalaxyS8+;https://www.amazon.com/Samsung-Galaxy-64GB-Phone-display/dp/B06Y189H68;https://m.media-amazon.com/images/I/61sB9sjajWL._AC_UY218_ML3_.jpg;3.5;https://www.amazon.com/product-reviews/B06Y189H68;48;Android 7.0;6.2;1440x2960;3500;Li-Ion;6;2017-03-29;173;64;TRUE;TRUE;TRUE;FALSE;TRUE;TRUE;TRUE;TRUE;FALSE;FALSE;350
B06Y2GX8K8;Sony;XperiaXZPremium;https://www.amazon.com/Sony-Xperia-XZ-Premium-Smartphone/dp/B06Y2GX8K8;https://m.media-amazon.com/images/I/81nfrNby6HL._AC_UY218_ML3_.jpg;4;https://www.amazon.com/product-reviews/B06Y2GX8K8;169;Android 7.1;5.46;3840x2160;3230;Li-Ion;4;2017-02-27;195;64;TRUE;TRUE;TRUE;FALSE;TRUE;TRUE;FALSE;FALSE;FALSE;TRUE;320
B06Y3HCFZT;Samsung;GalaxyS8+;https://www.amazon.com/Samsung-Galaxy-64GB-Verizon-Wireless/dp/B06Y3HCFZT;https://m.media-amazon.com/images/I/810U1tjdnQL._AC_UY218_ML3_.jpg;4.1;https://www.amazon.com/product-reviews/B06Y3HCFZT;54;Android 7.0;6.2;1440x2960;3500;Li-Ion;6;2017-03-29;173;64;TRUE;TRUE;TRUE;FALSE;TRUE;TRUE;TRUE;TRUE;FALSE;FALSE;350
B071DQ128D;Samsung;GalaxyS8+;https://www.amazon.com/Samsung-SM-G955FD-6-2-Inch-FACTORY-UNLOCKED/dp/B071DQ128D;https://m.media-amazon.com/images/I/61heIFG3R5L._AC_UY218_ML3_.jpg;4.1;https://www.amazon.com/product-reviews/B071DQ128D;112;Android 7.0;6.2;1440x2960;3500;Li-Ion;6;2017-03-29;173;64;TRUE;TRUE;TRUE;FALSE;TRUE;TRUE;TRUE;TRUE;FALSE;FALSE;350
B071H9KKKF;Samsung;GalaxyS8+;https://www.amazon.com/Samsung-SM-G955FD-6-2-Inch-FACTORY-UNLOCKED/dp/B071H9KKKF;https://m.media-amazon.com/images/I/61MF7kZkrIL._AC_UY218_ML3_.jpg;4;https://www.amazon.com/product-reviews/B071H9KKKF;480;Android 7.0;6.2;1440x2960;3500;Li-Ion;6;2017-03-29;173;64;TRUE;TRUE;TRUE;FALSE;TRUE;TRUE;TRUE;TRUE;FALSE;FALSE;350
B071JP8XDJ;Sony;XperiaXA1Ultra;https://www.amazon.com/Sony-Xperia-Ultra-Factory-Unlocked/dp/B071JP8XDJ;https://m.media-amazon.com/images/I/817MhreagcL._AC_UY218_ML3_.jpg;3.6;https://www.amazon.com/product-reviews/B071JP8XDJ;313;Android 7.0;6;1080x1920;2700;Li-Ion;4;2017-02-01;188;32;FALSE;TRUE;FALSE;FALSE;TRUE;FALSE;FALSE;FALSE;FALSE;FALSE;250
B071XBH5PL;Samsung;GalaxyS8+;https://www.amazon.com/SAMSUNG-GALAXY-PLUS-64GB-ORCHID/dp/B071XBH5PL;https://m.media-amazon.com/images/I/41tfoUf5quL._AC_UY218_ML3_.jpg;3.5;https://www.amazon.com/product-reviews/B071XBH5PL;4;Android 7.0;6.2;1440x2960;3500;Li-Ion;6;2017-03-29;173;64;TRUE;TRUE;TRUE;FALSE;TRUE;TRUE;TRUE;TRUE;FALSE;FALSE;350
B0724ZGB5K;Samsung;GalaxyS8+;https://www.amazon.com/Samsung-Galaxy-Unlocked-WARRANTY-Midnight/dp/B0724ZGB5K;https://m.media-amazon.com/images/I/61-cy8+UuaL._AC_UY218_ML3_.jpg;2.4;https://www.amazon.com/product-reviews/B0724ZGB5K;16;Android 7.0;6.2;1440x2960;3500;Li-Ion;6;2017-03-29;173;64;TRUE;TRUE;TRUE;FALSE;TRUE;TRUE;TRUE;TRUE;FALSE;FALSE;350
B072MQRRTR;Samsung;GalaxyS8+;https://www.amazon.com/Samsung-Galaxy-SM-G950U-Midnight-Black/dp/B072MQRRTR;https://m.media-amazon.com/images/I/61vwY-jDs2L._AC_UY218_ML3_.jpg;3.2;https://www.amazon.com/product-reviews/B072MQRRTR;9;Android 7.0;6.2;1440x2960;3500;Li-Ion;6;2017-03-29;173;64;TRUE;TRUE;TRUE;FALSE;TRUE;TRUE;TRUE;TRUE;FALSE;FALSE;350
B072QR6NKG;Samsung;GalaxyS8+;https://www.amazon.com/Samsung-Galaxy-64GB-SM-G950U-Orchid/dp/B072QR6NKG;https://m.media-amazon.com/images/I/61NujdfWCyL._AC_UY218_ML3_.jpg;3.9;https://www.amazon.com/product-reviews/B072QR6NKG;11;Android 7.0;6.2;1440x2960;3500;Li-Ion;6;2017-03-29;173;64;TRUE;TRUE;TRUE;FALSE;TRUE;TRUE;TRUE;TRUE;FALSE;FALSE;350
B074P62MW8;Sony;XperiaXZ1;https://www.amazon.com/Sony-Xperia-Factory-Unlocked-Phone/dp/B074P62MW8;https://m.media-amazon.com/images/I/71yVGahtSCL._AC_UY218_ML3_.jpg;3.8;https://www.amazon.com/product-reviews/B074P62MW8;81;Android 8.0;5.2;1080x1920;2700;Li-Ion;4;2017-08-31;155;64;TRUE;TRUE;TRUE;FALSE;TRUE;TRUE;FALSE;FALSE;FALSE;TRUE;260
B074PYHP6Q;Samsung;GalaxyS8+;https://www.amazon.com/Samsung-Galaxy-SM-G950UZVAATT-Certified-Refurbished/dp/B074PYHP6Q;https://m.media-amazon.com/images/I/31v5aV2Zb+L._AC_UY218_ML3_.jpg;2.8;https://www.amazon.com/product-reviews/B074PYHP6Q;4;Android 7.0;6.2;1440x2960;3500;Li-Ion;6;2017-03-29;173;64;TRUE;TRUE;TRUE;FALSE;TRUE;TRUE;TRUE;TRUE;FALSE;FALSE;350
B07536MYBQ;Samsung;GalaxyNote8;https://www.amazon.com/Samsung-Galaxy-Unlocked-Android-Megapixel/dp/B07536MYBQ;https://m.media-amazon.com/images/I/71wjfOWQhsL._AC_UY218_ML3_.jpg;3.9;https://www.amazon.com/product-reviews/B07536MYBQ;546;Android 7.1.1;6.3;1440x2960;3300;Li-Ion;6;2017-08-23;195;64;TRUE;TRUE;TRUE;FALSE;TRUE;TRUE;TRUE;TRUE;FALSE;FALSE;210
B0757LYR7P;Samsung;GalaxyS8+;https://www.amazon.com/Samsung-Galaxy-SM-G950UZSAVZW-Certified-Refurbished/dp/B0757LYR7P;https://m.media-amazon.com/images/I/311DkyHrY8L._AC_UY218_ML3_.jpg;5;https://www.amazon.com/product-reviews/B0757LYR7P;2;Android 7.0;6.2;1440x2960;3500;Li-Ion;6;2017-03-29;173;64;TRUE;TRUE;TRUE;FALSE;TRUE;TRUE;TRUE;TRUE;FALSE;FALSE;350
B075QRTVNC;Sony;XperiaXA1Plus;https://www.amazon.com/Sony-Xperia-XA1-Plus-Smartphone/dp/B075QRTVNC;https://m.media-amazon.com/images/I/71cFo5pTY+L._AC_UY218_ML3_.jpg;3.7;https://www.amazon.com/product-reviews/B075QRTVNC;34;Android 7.0;5.5;1080x1920;3430;Li-Ion;4;2017-08-01;189;32;FALSE;TRUE;FALSE;FALSE;TRUE;FALSE;FALSE;FALSE;FALSE;FALSE;150
B075SPVK8D;Samsung;GalaxyNote8;https://www.amazon.com/Samsung-SM-N950U-Galaxy-Verizon-Smartphone/dp/B075SPVK8D;https://m.media-amazon.com/images/I/61kad0RN1eL._AC_UY218_ML3_.jpg;4.4;https://www.amazon.com/product-reviews/B075SPVK8D;54;Android 7.1.1;6.3;1440x2960;3300;Li-Ion;6;2017-08-23;195;64;TRUE;TRUE;TRUE;FALSE;TRUE;TRUE;TRUE;TRUE;FALSE;FALSE;210
B075ZD2WFN;Samsung;GalaxyS8+;https://www.amazon.com/Samsung-Galaxy-Unlocked-Version-Smartphone/dp/B075ZD2WFN;https://m.media-amazon.com/images/I/71pGMMYD+kL._AC_UY218_ML3_.jpg;3.6;https://www.amazon.com/product-reviews/B075ZD2WFN;19;Android 7.0;6.2;1440x2960;3500;Li-Ion;6;2017-03-29;173;64;TRUE;TRUE;TRUE;FALSE;TRUE;TRUE;TRUE;TRUE;FALSE;FALSE;350
B075ZHWDN2;Samsung;GalaxyS8+;https://www.amazon.com/Samsung-Galaxy-Unlocked-Version-Camera/dp/B075ZHWDN2;https://m.media-amazon.com/images/I/81NCJilmjzL._AC_UY218_ML3_.jpg;3.3;https://www.amazon.com/product-reviews/B075ZHWDN2;10;Android 7.0;6.2;1440x2960;3500;Li-Ion;6;2017-03-29;173;64;TRUE;TRUE;TRUE;FALSE;TRUE;TRUE;TRUE;TRUE;FALSE;FALSE;350
B0764K8Z1H;Samsung;GalaxyS8+;https://www.amazon.com/Samsung-Galaxy-64GB-G950U-Unlocked/dp/B0764K8Z1H;https://m.media-amazon.com/images/I/41SEabj2I3L._AC_UY218_ML3_.jpg;4.1;https://www.amazon.com/product-reviews/B0764K8Z1H;8;Android 7.0;6.2;1440x2960;3500;Li-Ion;6;2017-03-29;173;64;TRUE;TRUE;TRUE;FALSE;TRUE;TRUE;TRUE;TRUE;FALSE;FALSE;350
B0766HPGYP;Google;Pixel2;https://www.amazon.com/Google-Pixel-Unlocked-128gb-CDMA/dp/B0766HPGYP;https://m.media-amazon.com/images/I/81KgaU7qznL._AC_UY218_ML3_.jpg;4;https://www.amazon.com/product-reviews/B0766HPGYP;153;Android 8.0;5;1080x1920;2700;Li-Ion;4;2017-10-04;143;64;TRUE;TRUE;TRUE;FALSE;TRUE;TRUE;TRUE;TRUE;FALSE;FALSE;610
B0766NJPBN;Google;Pixel2;https://www.amazon.com/Google-Pixel-Unlocked-Clearly-warranty/dp/B0766NJPBN;https://m.media-amazon.com/images/I/715rN0Y8PqL._AC_UY218_ML3_.jpg;4;https://www.amazon.com/product-reviews/B0766NJPBN;153;Android 8.0;5;1080x1920;2700;Li-Ion;4;2017-10-04;143;64;TRUE;TRUE;TRUE;FALSE;TRUE;TRUE;TRUE;TRUE;FALSE;FALSE;610
B0766TPHSH;Google;Pixel2XL;https://www.amazon.com/Google-Unlocked-Octa-Core-12-2MP-Camera/dp/B0766TPHSH;https://m.media-amazon.com/images/I/81dXcgzgqkL._AC_UY218_ML3_.jpg;4.1;https://www.amazon.com/product-reviews/B0766TPHSH;153;Android 8.0;6;1440x2880;3520;Li-Ion;4;2017-10-04;175;64;TRUE;TRUE;TRUE;FALSE;TRUE;TRUE;TRUE;TRUE;FALSE;FALSE;520
B0767538YH;Google;Pixel2XL;https://www.amazon.com/Google-Unlocked-Octa-Core-12-2MP-Camera/dp/B0767538YH;https://m.media-amazon.com/images/I/41OO+yCbvnL._AC_UY218_ML3_.jpg;3.7;https://www.amazon.com/product-reviews/B0767538YH;66;Android 8.0;6;1440x2880;3520;Li-Ion;4;2017-10-04;175;64;TRUE;TRUE;TRUE;FALSE;TRUE;TRUE;TRUE;TRUE;FALSE;FALSE;520
B076HVSJQR;Samsung;GalaxyS8+;https://www.amazon.com/Samsung-Galaxy-S8-Certified-Refurbished/dp/B076HVSJQR;https://m.media-amazon.com/images/I/61-dEvsdZdL._AC_UY218_ML3_.jpg;3.9;https://www.amazon.com/product-reviews/B076HVSJQR;1;Android 7.0;6.2;1440x2960;3500;Li-Ion;6;2017-03-29;173;64;TRUE;TRUE;TRUE;FALSE;TRUE;TRUE;TRUE;TRUE;FALSE;FALSE;350
B076KC34PM;Apple;iPhone8;https://www.amazon.com/Apple-iPhone-Unlocked-Smartphone-Refurbished/dp/B076KC34PM;https://m.media-amazon.com/images/I/61XjpQucvyL._AC_UY218_ML3_.jpg;4.1;https://www.amazon.com/product-reviews/B076KC34PM;26;iOS 11;4.7;750x1334;1821;Li-Ion;2;2017-09-12;148;64;TRUE;TRUE;TRUE;FALSE;TRUE;TRUE;TRUE;TRUE;FALSE;FALSE;210
B076M9RQJ2;Samsung;GalaxyS8+;https://www.amazon.com/Samsung-Galaxy-64GB-Phone-Smartphone/dp/B076M9RQJ2;https://m.media-amazon.com/images/I/71pjGN8WsoL._AC_UY218_ML3_.jpg;4.1;https://www.amazon.com/product-reviews/B076M9RQJ2;167;Android 7.0;6.2;1440x2960;3500;Li-Ion;6;2017-03-29;173;64;TRUE;TRUE;TRUE;FALSE;TRUE;TRUE;TRUE;TRUE;FALSE;FALSE;350
B076MB4CYN;Google;Pixel3;https://www.amazon.com/Google-Pixel-Silver-Certified-Refurbished/dp/B076MB4CYN;https://m.media-amazon.com/images/I/61q3zgWA8yL._AC_UY218_ML3_.jpg;3.5;https://www.amazon.com/product-reviews/B076MB4CYN;32;Android 9.0;5.5;1080x2160;2915;Li-Po;4;2018-10-09;148;64;TRUE;TRUE;TRUE;FALSE;TRUE;FALSE;TRUE;FALSE;FALSE;FALSE;450
B076QKMQ81;Google;Pixel2;https://www.amazon.com/Google-GA00139-US-Verizon-Wireless-Smartphone/dp/B076QKMQ81;https://m.media-amazon.com/images/I/614uK75v7EL._AC_UY218_ML3_.jpg;3.7;https://www.amazon.com/product-reviews/B076QKMQ81;23;Android 8.0;5;1080x1920;2700;Li-Ion;4;2017-10-04;143;64;TRUE;TRUE;TRUE;FALSE;TRUE;TRUE;TRUE;TRUE;FALSE;FALSE;610
B076XLLCQC;Samsung;GalaxyNote8;https://www.amazon.com/Samsung-Unlocked-Midnight-Certified-Refurbished/dp/B076XLLCQC;https://m.media-amazon.com/images/I/615Y7qMu7lL._AC_UY218_ML3_.jpg;4;https://www.amazon.com/product-reviews/B076XLLCQC;891;Android 7.1.1;6.3;1440x2960;3300;Li-Ion;6;2017-08-23;195;64;TRUE;TRUE;TRUE;FALSE;TRUE;TRUE;TRUE;TRUE;FALSE;FALSE;210
B07753NSQZ;Apple;iPhone8;https://www.amazon.com/Apple-iPhone-GSM-Unlocked-256GB/dp/B07753NSQZ;https://m.media-amazon.com/images/I/810MbmOEoqL._AC_UY218_ML3_.jpg;4;https://www.amazon.com/product-reviews/B07753NSQZ;96;iOS 11;4.7;750x1334;1821;Li-Ion;2;2017-09-12;148;64;TRUE;TRUE;TRUE;FALSE;TRUE;TRUE;TRUE;TRUE;FALSE;FALSE;210
B0775451TT;Apple;iPhoneX;https://www.amazon.com/Apple-iPhone-Fully-Unlocked-256GB/dp/B0775451TT;https://m.media-amazon.com/images/I/81yZOQEC+NL._AC_UY218_ML3_.jpg;3.9;https://www.amazon.com/product-reviews/B0775451TT;436;iOS 11.1.1;5.8;1125x2436;2716;Li-Ion;3;2017-09-12;174;64;TRUE;TRUE;TRUE;FALSE;TRUE;TRUE;TRUE;TRUE;FALSE;FALSE;280
B07756QYST;Apple;iPhone8;https://www.amazon.com/Apple-iPhone-Fully-Unlocked-Refurbished/dp/B07756QYST;https://m.media-amazon.com/images/I/81kr4CqZgZL._AC_UY218_ML3_.jpg;4;https://www.amazon.com/product-reviews/B07756QYST;1;iOS 11;4.7;750x1334;1821;Li-Ion;2;2017-09-12;148;64;TRUE;TRUE;TRUE;FALSE;TRUE;TRUE;TRUE;TRUE;FALSE;FALSE;210
B0775717ZP;Apple;iPhone8;https://www.amazon.com/Apple-iPhone-Fully-Unlocked-64GB/dp/B0775717ZP;https://m.media-amazon.com/images/I/61pRPj+-IYL._AC_UY218_ML3_.jpg;4;https://www.amazon.com/product-reviews/B0775717ZP;1;iOS 11;4.7;750x1334;1821;Li-Ion;2;2017-09-12;148;64;TRUE;TRUE;TRUE;FALSE;TRUE;TRUE;TRUE;TRUE;FALSE;FALSE;210
B077578VXH;Apple;iPhone8;https://www.amazon.com/Apple-iPhone-GSM-Unlocked-64GB/dp/B077578VXH;https://m.media-amazon.com/images/I/41mOeuE1OTL._AC_UY218_ML3_.jpg;4.2;https://www.amazon.com/product-reviews/B077578VXH;72;iOS 11;4.7;750x1334;1821;Li-Ion;2;2017-09-12;148;64;TRUE;TRUE;TRUE;FALSE;TRUE;TRUE;TRUE;TRUE;FALSE;FALSE;210
B077578W38;Apple;iPhoneX;https://www.amazon.com/Apple-iPhone-Fully-Unlocked-64GB/dp/B077578W38;https://m.media-amazon.com/images/I/719knfTwPvL._AC_UY218_ML3_.jpg;3.9;https://www.amazon.com/product-reviews/B077578W38;442;iOS 11.1.1;5.8;1125x2436;2716;Li-Ion;3;2017-09-12;174;64;TRUE;TRUE;TRUE;FALSE;TRUE;TRUE;TRUE;TRUE;FALSE;FALSE;280
B077BL94N3;Samsung;GalaxyNote8;https://www.amazon.com/Samsung-Galaxy-Note-N950U-64GB/dp/B077BL94N3;https://m.media-amazon.com/images/I/71DPv8ykx0L._AC_UY218_ML3_.jpg;4;https://www.amazon.com/product-reviews/B077BL94N3;10;Android 7.1.1;6.3;1440x2960;3300;Li-Ion;6;2017-08-23;195;64;TRUE;TRUE;TRUE;FALSE;TRUE;TRUE;TRUE;TRUE;FALSE;FALSE;210
B077ZKKDWK;Sony;XperiaXA2Ultra;https://www.amazon.com/Sony-Xperia-Ultra-Factory-Unlocked/dp/B077ZKKDWK;https://m.media-amazon.com/images/I/719hX34RZhL._AC_UY218_ML3_.jpg;3.8;https://www.amazon.com/product-reviews/B077ZKKDWK;304;Android 8.0;6;1080x1920;3580;Li-Ion;4;2018-01-01;221;32;TRUE;TRUE;TRUE;FALSE;TRUE;FALSE;FALSE;FALSE;FALSE;FALSE;260
B077ZMWX1W;Sony;XperiaL2;https://www.amazon.com/Sony-Xperia-Factory-Unlocked-Phone/dp/B077ZMWX1W;https://m.media-amazon.com/images/I/71w5nP+TCOL._AC_UY218_ML3_.jpg;3.8;https://www.amazon.com/product-reviews/B077ZMWX1W;71;Android 7.1.1;5.5;720x1280;3300;Li-Ion;3;2018-01-01;178;32;FALSE;TRUE;FALSE;FALSE;TRUE;FALSE;FALSE;FALSE;FALSE;FALSE;140
B0786PRKBP;Samsung;GalaxyS8+;https://www.amazon.com/Samsung-Galaxy-Unlocked-Smartphone-Carriers/dp/B0786PRKBP;https://m.media-amazon.com/images/I/81v9fOEU9DL._AC_UY218_ML3_.jpg;4;https://www.amazon.com/product-reviews/B0786PRKBP;1;Android 7.0;6.2;1440x2960;3500;Li-Ion;6;2017-03-29;173;64;TRUE;TRUE;TRUE;FALSE;TRUE;TRUE;TRUE;TRUE;FALSE;FALSE;350
B0787V183F;Google;Pixel2;https://www.amazon.com/Google-Pixel-64-Black-Refurbished/dp/B0787V183F;https://m.media-amazon.com/images/I/7108ZFza5gL._AC_UY218_ML3_.jpg;3.7;https://www.amazon.com/product-reviews/B0787V183F;363;Android 8.0;5;1080x1920;2700;Li-Ion;4;2017-10-04;143;64;TRUE;TRUE;TRUE;FALSE;TRUE;TRUE;TRUE;TRUE;FALSE;FALSE;610
B0788F8DKC;Samsung;GalaxyS8+;https://www.amazon.com/Samsung-Wireless-Charging-Certified-Refurbished/dp/B0788F8DKC;https://m.media-amazon.com/images/I/51f9Q6m32TL._AC_UY218_ML3_.jpg;4.2;https://www.amazon.com/product-reviews/B0788F8DKC;63;Android 7.0;6.2;1440x2960;3500;Li-Ion;6;2017-03-29;173;64;TRUE;TRUE;TRUE;FALSE;TRUE;TRUE;TRUE;TRUE;FALSE;FALSE;350
B0788ZD69Z;Samsung;GalaxyS8+;https://www.amazon.com/Samsung-Galaxy-S8-Plus-Unlocked/dp/B0788ZD69Z;https://m.media-amazon.com/images/I/71vr2Ck4z2L._AC_UY218_ML3_.jpg;4;https://www.amazon.com/product-reviews/B0788ZD69Z;1;Android 7.0;6.2;1440x2960;3500;Li-Ion;6;2017-03-29;173;64;TRUE;TRUE;TRUE;FALSE;TRUE;TRUE;TRUE;TRUE;FALSE;FALSE;350
B078KGP5K5;Google;Pixel2;https://www.amazon.com/Google-Unlocked-Octa-Core-12-2MP-Camera/dp/B078KGP5K5;https://m.media-amazon.com/images/I/51x4KmQS91L._AC_UY218_ML3_.jpg;3.7;https://www.amazon.com/product-reviews/B078KGP5K5;9;Android 8.0;5;1080x1920;2700;Li-Ion;4;2017-10-04;143;64;TRUE;TRUE;TRUE;FALSE;TRUE;TRUE;TRUE;TRUE;FALSE;FALSE;610
B078YXQ38Z;Samsung;GalaxyS8Active;https://www.amazon.com/Samsung-Galaxy-S8-Active-SM-G892A/dp/B078YXQ38Z;https://m.media-amazon.com/images/I/61wgvFSAJQL._AC_UY218_ML3_.jpg;3.9;https://www.amazon.com/product-reviews/B078YXQ38Z;185;Android 7.0;5.8;1440x2960;4000;Li-Ion;4;2017-08-01;208;64;TRUE;TRUE;TRUE;FALSE;TRUE;TRUE;TRUE;TRUE;FALSE;FALSE;500
B07946VKT8;Sony;XperiaXA1Plus;https://www.amazon.com/Sony-Factory-Unlocked-Smartphone-International/dp/B07946VKT8;https://m.media-amazon.com/images/I/61A1b0sGreL._AC_UY218_ML3_.jpg;3.7;https://www.amazon.com/product-reviews/B07946VKT8;9;Android 7.0;5.5;1080x1920;3430;Li-Ion;4;2017-08-01;189;32;FALSE;TRUE;FALSE;FALSE;TRUE;FALSE;FALSE;FALSE;FALSE;FALSE;150
B0799ZMY6D;Google;Pixel2XL;https://www.amazon.com/Google-Pixel-128-Black-Renewed/dp/B0799ZMY6D;https://m.media-amazon.com/images/I/71CDE9pG4hL._AC_UY218_ML3_.jpg;4.1;https://www.amazon.com/product-reviews/B0799ZMY6D;292;Android 8.0;6;1440x2880;3520;Li-Ion;4;2017-10-04;175;64;TRUE;TRUE;TRUE;FALSE;TRUE;TRUE;TRUE;TRUE;FALSE;FALSE;520
B079H6RLKQ;Samsung;GalaxyS9;https://www.amazon.com/Samsung-Galaxy-S9-Unlocked-Smartphone/dp/B079H6RLKQ;https://m.media-amazon.com/images/I/81+h9mpyQmL._AC_UY218_ML3_.jpg;4.1;https://www.amazon.com/product-reviews/B079H6RLKQ;2;Android 8.0;5.8;1440x2960;3000;Li-Ion;4;2018-02-25;163;64;TRUE;TRUE;TRUE;FALSE;TRUE;TRUE;TRUE;TRUE;FALSE;TRUE;300
B079J59FGT;Google;Pixel2XL;https://www.amazon.com/Pixel-XL-Unlocked-GSM-CDMA/dp/B079J59FGT;https://m.media-amazon.com/images/I/41djXmzL3oL._AC_UY218_ML3_.jpg;3.3;https://www.amazon.com/product-reviews/B079J59FGT;17;Android 8.0;6;1440x2880;3520;Li-Ion;4;2017-10-04;175;64;TRUE;TRUE;TRUE;FALSE;TRUE;TRUE;TRUE;TRUE;FALSE;FALSE;520
B079J5MKXJ;Google;Pixel2XL;https://www.amazon.com/Google-Pixel-XL-Unlocked-CDMA/dp/B079J5MKXJ;https://m.media-amazon.com/images/I/71Nj0IWw5OL._AC_UY218_ML3_.jpg;4;https://www.amazon.com/product-reviews/B079J5MKXJ;24;Android 8.0;6;1440x2880;3520;Li-Ion;4;2017-10-04;175;64;TRUE;TRUE;TRUE;FALSE;TRUE;TRUE;TRUE;TRUE;FALSE;FALSE;520
B079RJWMZG;Samsung;GalaxyS8+;https://www.amazon.com/Samsung-Galaxy-SPRINT-Midnight-Black/dp/B079RJWMZG;https://m.media-amazon.com/images/I/41o1rR8G4uL._AC_UY218_ML3_.jpg;3.3;https://www.amazon.com/product-reviews/B079RJWMZG;3;Android 7.0;6.2;1440x2960;3500;Li-Ion;6;2017-03-29;173;64;TRUE;TRUE;TRUE;FALSE;TRUE;TRUE;TRUE;TRUE;FALSE;FALSE;350
B079SQ5VHX;Samsung;GalaxyS9;https://www.amazon.com/Samsung-SM-G960F-5-8-inches-Factory-Unlocked/dp/B079SQ5VHX;https://m.media-amazon.com/images/I/51TaayMzqtL._AC_UY218_ML3_.jpg;4.3;https://www.amazon.com/product-reviews/B079SQ5VHX;122;Android 8.0;5.8;1440x2960;3000;Li-Ion;4;2018-02-25;163;64;TRUE;TRUE;TRUE;FALSE;TRUE;TRUE;TRUE;TRUE;FALSE;TRUE;300
B079X7DQ4Q;Samsung;GalaxyS9;https://www.amazon.com/Samsung-SM-G9600-Unlocked-Smartphone-International/dp/B079X7DQ4Q;https://m.media-amazon.com/images/I/71uI+nAzruL._AC_UY218_ML3_.jpg;3.9;https://www.amazon.com/product-reviews/B079X7DQ4Q;95;Android 8.0;5.8;1440x2960;3000;Li-Ion;4;2018-02-25;163;64;TRUE;TRUE;TRUE;FALSE;TRUE;TRUE;TRUE;TRUE;FALSE;TRUE;300
B07B82VTX5;Sony;XperiaXZ2;https://www.amazon.com/Sony-Xperia-XZ2-Unlocked-Smarphone/dp/B07B82VTX5;https://m.media-amazon.com/images/I/81fpWSGDNKL._AC_UY218_ML3_.jpg;3.9;https://www.amazon.com/product-reviews/B07B82VTX5;45;Android 8.0;5.7;1080x2160;3180;Li-Ion;6;2018-02-26;198;64;TRUE;TRUE;TRUE;FALSE;TRUE;TRUE;FALSE;FALSE;FALSE;TRUE;360
B07B9638J2;Samsung;GalaxyS9+;https://www.amazon.com/Samsung-SM-G965F-Factory-Unlocked-Smartphone/dp/B07B9638J2;https://m.media-amazon.com/images/I/51HU5qBJxHL._AC_UY218_ML3_.jpg;4.3;https://www.amazon.com/product-reviews/B07B9638J2;25;Android 8.0;6.2;1440x2960;3500;Li-Ion;6;2018-02-25;189;64;TRUE;TRUE;TRUE;FALSE;TRUE;TRUE;TRUE;TRUE;FALSE;TRUE;120
B07BBQ56WS;Samsung;GalaxyS9;https://www.amazon.com/Samsung-Galaxy-Smartphone-Lilac-Purple/dp/B07BBQ56WS;https://m.media-amazon.com/images/I/61xHkX-jbpL._AC_UY218_ML3_.jpg;3.5;https://www.amazon.com/product-reviews/B07BBQ56WS;8;Android 8.0;5.8;1440x2960;3000;Li-Ion;4;2018-02-25;163;64;TRUE;TRUE;TRUE;FALSE;TRUE;TRUE;TRUE;TRUE;FALSE;TRUE;300
B07BBT3VXM;Samsung;GalaxyS9+;https://www.amazon.com/Samsung-Galaxy-Smartphone-Lilac-Purple/dp/B07BBT3VXM;https://m.media-amazon.com/images/I/316cHR0ZIpL._AC_UY218_ML3_.jpg;3.8;https://www.amazon.com/product-reviews/B07BBT3VXM;11;Android 8.0;6.2;1440x2960;3500;Li-Ion;6;2018-02-25;189;64;TRUE;TRUE;TRUE;FALSE;TRUE;TRUE;TRUE;TRUE;FALSE;TRUE;120
B07BFCZYRM;Samsung;GalaxyS9+;https://www.amazon.com/Samsung-Unlocked-Midnight-Certified-Refurbished/dp/B07BFCZYRM;https://m.media-amazon.com/images/I/71SWW5LsZ0L._AC_UY218_ML3_.jpg;4.2;https://www.amazon.com/product-reviews/B07BFCZYRM;355;Android 8.0;6.2;1440x2960;3500;Li-Ion;6;2018-02-25;189;64;TRUE;TRUE;TRUE;FALSE;TRUE;TRUE;TRUE;TRUE;FALSE;TRUE;120
B07BR995NC;Samsung;GalaxyS8Active;https://www.amazon.com/Samsung-Galaxy-Active-SM-G892A-Unlocked/dp/B07BR995NC;https://m.media-amazon.com/images/I/61zSaCsk-LL._AC_UY218_ML3_.jpg;3.9;https://www.amazon.com/product-reviews/B07BR995NC;94;Android 7.0;5.8;1440x2960;4000;Li-Ion;4;2017-08-01;208;64;TRUE;TRUE;TRUE;FALSE;TRUE;TRUE;TRUE;TRUE;FALSE;FALSE;500
B07C4W6KR9;Samsung;GalaxyJ7V;https://www.amazon.com/Samsung-Galaxy-Verizon-Wireless-Refurbished/dp/B07C4W6KR9;https://m.media-amazon.com/images/I/31ybI0bbr-L._AC_UY218_ML3_.jpg;3.1;https://www.amazon.com/product-reviews/B07C4W6KR9;4;Android 7.0.1;5.5;720x1280;3300;Li-Ion;2;2017-03-01;167;16;FALSE;TRUE;FALSE;FALSE;TRUE;FALSE;FALSE;FALSE;FALSE;FALSE;170
B07C5X8Q3K;Sony;XperiaXZ2;https://www.amazon.com/Sony-Xperia-Factory-Unlocked-Smartphone/dp/B07C5X8Q3K;https://m.media-amazon.com/images/I/31UZHHv4nLL._AC_UY218_ML3_.jpg;4.5;https://www.amazon.com/product-reviews/B07C5X8Q3K;6;Android 8.0;5.7;1080x2160;3180;Li-Ion;6;2018-02-26;198;64;TRUE;TRUE;TRUE;FALSE;TRUE;TRUE;FALSE;FALSE;FALSE;TRUE;360
B07C61QBL7;Google;Pixel2XL;https://www.amazon.com/Google-Pixel-XL-Smartphone-Verizon/dp/B07C61QBL7;https://m.media-amazon.com/images/I/61yOujgUVSL._AC_UY218_ML3_.jpg;3.5;https://www.amazon.com/product-reviews/B07C61QBL7;2;Android 8.0;6;1440x2880;3520;Li-Ion;4;2017-10-04;175;64;TRUE;TRUE;TRUE;FALSE;TRUE;TRUE;TRUE;TRUE;FALSE;FALSE;520
B07C65MFKH;Samsung;GalaxyS9+;https://www.amazon.com/Samsung-Galaxy-G9650-Unlocked-Camera/dp/B07C65MFKH;https://m.media-amazon.com/images/I/71DpCsflnsL._AC_UY218_ML3_.jpg;4.1;https://www.amazon.com/product-reviews/B07C65MFKH;1;Android 8.0;6.2;1440x2960;3500;Li-Ion;6;2018-02-25;189;64;TRUE;TRUE;TRUE;FALSE;TRUE;TRUE;TRUE;TRUE;FALSE;TRUE;120
B07C65XFBB;Samsung;GalaxyS9;https://www.amazon.com/Samsung-Galaxy-Unlocked-Certified-Refurbished/dp/B07C65XFBB;https://m.media-amazon.com/images/I/41KOSseOOdL._AC_UY218_ML3_.jpg;4;https://www.amazon.com/product-reviews/B07C65XFBB;1;Android 8.0;5.8;1440x2960;3000;Li-Ion;4;2018-02-25;163;64;TRUE;TRUE;TRUE;FALSE;TRUE;TRUE;TRUE;TRUE;FALSE;TRUE;300
B07CGMQDXW;Apple;iPhone8;https://www.amazon.com/Apple-iPhone-Plus-Verizon-64GB/dp/B07CGMQDXW;https://m.media-amazon.com/images/I/71MRY6+c8pL._AC_UY218_ML3_.jpg;4.2;https://www.amazon.com/product-reviews/B07CGMQDXW;1;iOS 11;4.7;750x1334;1821;Li-Ion;2;2017-09-12;148;64;TRUE;TRUE;TRUE;FALSE;TRUE;TRUE;TRUE;TRUE;FALSE;FALSE;210
B07CT4JC7J;Google;Pixel2XL;https://www.amazon.com/Google-Pixel-64GB-Smartphone-Refurbished/dp/B07CT4JC7J;https://m.media-amazon.com/images/I/41SBYqOYq6L._AC_UY218_ML3_.jpg;4.2;https://www.amazon.com/product-reviews/B07CT4JC7J;28;Android 8.0;6;1440x2880;3520;Li-Ion;4;2017-10-04;175;64;TRUE;TRUE;TRUE;FALSE;TRUE;TRUE;TRUE;TRUE;FALSE;FALSE;520
B07D9TTLZG;OnePlus;6;https://www.amazon.com/OnePlus-Factory-Unlocked-Phone-Screen/dp/B07D9TTLZG;https://m.media-amazon.com/images/I/71osq6wnwjL._AC_UY218_ML3_.jpg;1;https://www.amazon.com/product-reviews/B07D9TTLZG;1;Android 8.1;6.28;1080x2280;3300;Li-Po;8;2018-05-16;177;64;TRUE;TRUE;TRUE;FALSE;TRUE;TRUE;TRUE;TRUE;TRUE;FALSE;410
B07DCB61LG;OnePlus;6;https://www.amazon.com/OnePlus-A6000-64GB-Mirror-Black/dp/B07DCB61LG;https://m.media-amazon.com/images/I/61x5tBufniL._AC_UY218_ML3_.jpg;4.4;https://www.amazon.com/product-reviews/B07DCB61LG;59;Android 8.1;6.28;1080x2280;3300;Li-Po;8;2018-05-16;177;64;TRUE;TRUE;TRUE;FALSE;TRUE;TRUE;TRUE;TRUE;TRUE;FALSE;410
B07DF9R73K;Sony;XperiaXZ2Premium;https://www.amazon.com/Sony-Xperia-Premium-Unlocked-Smartphone/dp/B07DF9R73K;https://m.media-amazon.com/images/I/61G48YhuWmL._AC_UY218_ML3_.jpg;4.1;https://www.amazon.com/product-reviews/B07DF9R73K;75;Android 8.0;5.8;3840x2160;3540;Li-Ion;6;2018-04-01;236;64;TRUE;TRUE;TRUE;FALSE;TRUE;TRUE;FALSE;FALSE;FALSE;TRUE;460
B07DP4X68W;Samsung;GalaxyS8+;https://www.amazon.com/Samsung-Galaxy-Sprint-Midnight-Black/dp/B07DP4X68W;https://m.media-amazon.com/images/I/61XjtWM498L._AC_UY218_ML3_.jpg;4.3;https://www.amazon.com/product-reviews/B07DP4X68W;6;Android 7.0;6.2;1440x2960;3500;Li-Ion;6;2017-03-29;173;64;TRUE;TRUE;TRUE;FALSE;TRUE;TRUE;TRUE;TRUE;FALSE;FALSE;350
B07DXCGD56;Samsung;GalaxyA30;https://www.amazon.com/Samsung-A30-Single-SM-A305G-International/dp/B07DXCGD56;https://m.media-amazon.com/images/I/71cy0+OxSFL._AC_UY218_ML3_.jpg;5;https://www.amazon.com/product-reviews/B07DXCGD56;1;Android 9.0;6.4;1080x2340;4000;Li-Po;4;2019-02-25;165;32;FALSE;TRUE;FALSE;FALSE;TRUE;FALSE;FALSE;FALSE;FALSE;FALSE;100
B07DZMB1ZK;Samsung;GalaxyS8+;https://www.amazon.com/Samsung-Galaxy-S8-Plus-T-Mobile/dp/B07DZMB1ZK;https://m.media-amazon.com/images/I/61maYWBVjcL._AC_UY218_ML3_.jpg;4.2;https://www.amazon.com/product-reviews/B07DZMB1ZK;89;Android 7.0;6.2;1440x2960;3500;Li-Ion;6;2017-03-29;173;64;TRUE;TRUE;TRUE;FALSE;TRUE;TRUE;TRUE;TRUE;FALSE;FALSE;350
B07FBQT1S5;Samsung;GalaxyJ6;https://www.amazon.com/Samsung-Galaxy-J6-Infinity-International/dp/B07FBQT1S5;https://m.media-amazon.com/images/I/61yRCT3lgQL._AC_UY218_ML3_.jpg;3.8;https://www.amazon.com/product-reviews/B07FBQT1S5;38;Android 8.0;5.6;720x1480;3000;Li-Ion;4;2018-05-01;154;32;FALSE;TRUE;FALSE;FALSE;TRUE;FALSE;FALSE;FALSE;FALSE;FALSE;230
B07FKWT3JP;Sony;XperiaXA1Plus;https://www.amazon.com/Sony-Factory-Unlocked-Smartphone-International/dp/B07FKWT3JP;https://m.media-amazon.com/images/I/210XRStw05L._AC_UY218_ML3_.jpg;4;https://www.amazon.com/product-reviews/B07FKWT3JP;1;Android 7.0;5.5;1080x1920;3430;Li-Ion;4;2017-08-01;189;32;FALSE;TRUE;FALSE;FALSE;TRUE;FALSE;FALSE;FALSE;FALSE;FALSE;150
B07FZH9BGV;Samsung;GalaxyNote9;https://www.amazon.com/Samsung-Galaxy-Factory-Unlocked-Warranty/dp/B07FZH9BGV;https://m.media-amazon.com/images/I/71VMn6229fL._AC_UY218_ML3_.jpg;4.1;https://www.amazon.com/product-reviews/B07FZH9BGV;873;Android 8.1;6.4;1440x2960;4000;Li-Ion;8;2018-08-09;201;128;TRUE;TRUE;TRUE;FALSE;TRUE;TRUE;TRUE;TRUE;FALSE;TRUE;150
B07G3RDDXT;Samsung;GalaxyNote9;https://www.amazon.com/Samsung-Single-SIM-SM-N960F-Unlocked-Smartphone/dp/B07G3RDDXT;https://m.media-amazon.com/images/I/81LVojrz3PL._AC_UY218_ML3_.jpg;3;https://www.amazon.com/product-reviews/B07G3RDDXT;9;Android 8.1;6.4;1440x2960;4000;Li-Ion;8;2018-08-09;201;128;TRUE;TRUE;TRUE;FALSE;TRUE;TRUE;TRUE;TRUE;FALSE;TRUE;150
B07G7FG26S;Apple;iPhone8;https://www.amazon.com/Apple-iPhone-AT-64GB-Refurbished/dp/B07G7FG26S;https://m.media-amazon.com/images/I/81rsqEAmYHL._AC_UY218_ML3_.jpg;4;https://www.amazon.com/product-reviews/B07G7FG26S;16;iOS 11;4.7;750x1334;1821;Li-Ion;2;2017-09-12;148;64;TRUE;TRUE;TRUE;FALSE;TRUE;TRUE;TRUE;TRUE;FALSE;FALSE;210
B07G7QZKBG;Xiaomi;Redmi6;https://www.amazon.com/Xiaomi-6-64GB-Factory-Unlocked-Smartphone/dp/B07G7QZKBG;https://m.media-amazon.com/images/I/61ROfcN2SmL._AC_UY218_ML3_.jpg;4.2;https://www.amazon.com/product-reviews/B07G7QZKBG;20;Android 8.1;5.45;720x1440;3000;Li-Po;4;2018-06-01;146;32;FALSE;TRUE;FALSE;FALSE;TRUE;FALSE;FALSE;FALSE;FALSE;FALSE;130
B07GCBWWPL;Samsung;GalaxyNote9;https://www.amazon.com/Samsung-SM-N960F-DS-sAMOLED-Unlocked/dp/B07GCBWWPL;https://m.media-amazon.com/images/I/61U5HgwxraL._AC_UY218_ML3_.jpg;4.3;https://www.amazon.com/product-reviews/B07GCBWWPL;80;Android 8.1;6.4;1440x2960;4000;Li-Ion;8;2018-08-09;201;128;TRUE;TRUE;TRUE;FALSE;TRUE;TRUE;TRUE;TRUE;FALSE;TRUE;150
B07GDW2634;Samsung;GalaxyJ8;https://www.amazon.com/Samsung-Octa-Core-Unlocked-Fingerprint-International/dp/B07GDW2634;https://m.media-amazon.com/images/I/31eQyW0ga9L._AC_UY218_ML3_.jpg;4.4;https://www.amazon.com/product-reviews/B07GDW2634;5;Android 8.0;6;720x1480;3500;Li-Ion;4;2018-05-01;177;32;FALSE;TRUE;FALSE;FALSE;TRUE;FALSE;FALSE;FALSE;FALSE;FALSE;140
B07GDW4N5C;Samsung;GalaxyNote9;https://www.amazon.com/Samsung-Galaxy-Factory-Unlocked-Ocean/dp/B07GDW4N5C;https://m.media-amazon.com/images/I/71nwubnam-L._AC_UY218_ML3_.jpg;3.8;https://www.amazon.com/product-reviews/B07GDW4N5C;10;Android 8.1;6.4;1440x2960;4000;Li-Ion;8;2018-08-09;201;128;TRUE;TRUE;TRUE;FALSE;TRUE;TRUE;TRUE;TRUE;FALSE;TRUE;150
B07GL4WGSF;Samsung;GalaxyNote9;https://www.amazon.com/Samsung-SM-N9600-Lavender-sAMOLED-Unlocked/dp/B07GL4WGSF;https://m.media-amazon.com/images/I/616cb+PAvwL._AC_UY218_ML3_.jpg;4.1;https://www.amazon.com/product-reviews/B07GL4WGSF;55;Android 8.1;6.4;1440x2960;4000;Li-Ion;8;2018-08-09;201;128;TRUE;TRUE;TRUE;FALSE;TRUE;TRUE;TRUE;TRUE;FALSE;TRUE;150
B07GL6W1NR;Samsung;GalaxyNote9;https://www.amazon.com/Samsung-SM-N9600-Midnight-sAMOLED-Unlocked/dp/B07GL6W1NR;https://m.media-amazon.com/images/I/61jNfgzhnQL._AC_UY218_ML3_.jpg;4.2;https://www.amazon.com/product-reviews/B07GL6W1NR;39;Android 8.1;6.4;1440x2960;4000;Li-Ion;8;2018-08-09;201;128;TRUE;TRUE;TRUE;FALSE;TRUE;TRUE;TRUE;TRUE;FALSE;TRUE;150
B07GNHMZ3N;Samsung;GalaxyNote9;https://www.amazon.com/Samsung-SM-N960F-DS-6-4-inches-Unlocked/dp/B07GNHMZ3N;https://m.media-amazon.com/images/I/61E+RfizKlL._AC_UY218_ML3_.jpg;4.4;https://www.amazon.com/product-reviews/B07GNHMZ3N;85;Android 8.1;6.4;1440x2960;4000;Li-Ion;8;2018-08-09;201;128;TRUE;TRUE;TRUE;FALSE;TRUE;TRUE;TRUE;TRUE;FALSE;TRUE;150
B07GPNGWNK;Xiaomi;Mi8;https://www.amazon.com/Xiaomi-6-64GB-Unlocked-Global-Version/dp/B07GPNGWNK;https://m.media-amazon.com/images/I/61ITfSJQDAL._AC_UY218_ML3_.jpg;4.5;https://www.amazon.com/product-reviews/B07GPNGWNK;60;Android 8.1;6.21;1080x2248;3400;Li-Po;8;2018-05-01;175;64;TRUE;TRUE;TRUE;FALSE;TRUE;TRUE;TRUE;TRUE;FALSE;TRUE;430
B07GV9J7X8;Samsung;GalaxyNote9;https://www.amazon.com/Samsung-Galaxy-SM-N960F-Midnight-Unlocked/dp/B07GV9J7X8;https://m.media-amazon.com/images/I/71SuuDTYZ5L._AC_UY218_ML3_.jpg;4.1;https://www.amazon.com/product-reviews/B07GV9J7X8;10;Android 8.1;6.4;1440x2960;4000;Li-Ion;8;2018-08-09;201;128;TRUE;TRUE;TRUE;FALSE;TRUE;TRUE;TRUE;TRUE;FALSE;TRUE;150
B07GWFMLT8;Samsung;GalaxyNote9;https://www.amazon.com/Samsung-Galaxy-SM-N960F-Metallic-Unlocked/dp/B07GWFMLT8;https://m.media-amazon.com/images/I/71BG9iPLRkL._AC_UY218_ML3_.jpg;4.8;https://www.amazon.com/product-reviews/B07GWFMLT8;18;Android 8.1;6.4;1440x2960;4000;Li-Ion;8;2018-08-09;201;128;TRUE;TRUE;TRUE;FALSE;TRUE;TRUE;TRUE;TRUE;FALSE;TRUE;150
B07GY16KMK;Samsung;GalaxyS8+;https://www.amazon.com/Samsung-Galaxy-S8-G950U-64GB/dp/B07GY16KMK;https://m.media-amazon.com/images/I/61Ldle1ceBL._AC_UY218_ML3_.jpg;3.2;https://www.amazon.com/product-reviews/B07GY16KMK;5;Android 7.0;6.2;1440x2960;3500;Li-Ion;6;2017-03-29;173;64;TRUE;TRUE;TRUE;FALSE;TRUE;TRUE;TRUE;TRUE;FALSE;FALSE;350
B07H41NB46;Xiaomi;PocophoneF1;https://www.amazon.com/Xiaomi-Pocophone-Graphite-Unlocked-Warranty/dp/B07H41NB46;https://m.media-amazon.com/images/I/71q3UGwZhcL._AC_UY218_ML3_.jpg;4.3;https://www.amazon.com/product-reviews/B07H41NB46;237;Android 8.1;6.18;1080x2246;4000;Li-Po;8;2018-08-22;182;64;TRUE;TRUE;TRUE;FALSE;TRUE;TRUE;TRUE;TRUE;FALSE;TRUE;360
B07H445L82;Samsung;GalaxyJ7V;https://www.amazon.com/Samsung-SM-J737VZKAVZW-Verizon-Certified-Refurbished/dp/B07H445L82;https://m.media-amazon.com/images/I/51fctx5FFPL._AC_UY218_ML3_.jpg;3.6;https://www.amazon.com/product-reviews/B07H445L82;15;Android 7.0.1;5.5;720x1280;3300;Li-Ion;2;2017-03-01;167;16;FALSE;TRUE;FALSE;FALSE;TRUE;FALSE;FALSE;FALSE;FALSE;FALSE;170
B07H6V8TB9;Sony;XperiaXZ3;https://www.amazon.com/Sony-Xperia-Unlocked-Smartphone-64GB/dp/B07H6V8TB9;https://m.media-amazon.com/images/I/81eb1nqD8lL._AC_UY218_ML3_.jpg;4.1;https://www.amazon.com/product-reviews/B07H6V8TB9;83;Android 9.0;6;1440x2880;3300;Li-Ion;6;2018-08-30;193;64;TRUE;TRUE;TRUE;FALSE;TRUE;TRUE;FALSE;FALSE;FALSE;TRUE;510
B07H7SBBWQ;Xiaomi;Redmi6;https://www.amazon.com/Xiaomi-Redmi-Unlocked-Smartphone-International/dp/B07H7SBBWQ;https://m.media-amazon.com/images/I/51T1yEB85oL._AC_UY218_ML3_.jpg;4.1;https://www.amazon.com/product-reviews/B07H7SBBWQ;57;Android 8.1;5.45;720x1440;3000;Li-Po;4;2018-06-01;146;32;FALSE;TRUE;FALSE;FALSE;TRUE;FALSE;FALSE;FALSE;FALSE;FALSE;130
B07H8Q3C9T;Samsung;GalaxyJ2Core;https://www.amazon.com/Samsung-Factory-Unlocked-Caribbean-SM-J260M/dp/B07H8Q3C9T;https://m.media-amazon.com/images/I/51zGEG7p0FL._AC_UY218_ML3_.jpg;4.1;https://www.amazon.com/product-reviews/B07H8Q3C9T;300;Android 8.1 Oreo;5;540x960;2600;Li-Ion;1;2018-08-01;154;8;FALSE;TRUE;FALSE;FALSE;TRUE;FALSE;FALSE;FALSE;FALSE;FALSE;200
B07H8QMZWV;Samsung;GalaxyNote9;https://www.amazon.com/Samsung-Unlocked-Warranty-Certified-Refurbished/dp/B07H8QMZWV;https://m.media-amazon.com/images/I/716U2tmcWIL._AC_UY218_ML3_.jpg;4.1;https://www.amazon.com/product-reviews/B07H8QMZWV;1;Android 8.1;6.4;1440x2960;4000;Li-Ion;8;2018-08-09;201;128;TRUE;TRUE;TRUE;FALSE;TRUE;TRUE;TRUE;TRUE;FALSE;TRUE;150
B07HC3CSMR;Samsung;GalaxyS8+;https://www.amazon.com/Samsung-Galaxy-Unlocked-Cellairis-Protector/dp/B07HC3CSMR;https://m.media-amazon.com/images/I/81d7kCPgG7L._AC_UY218_ML3_.jpg;3.2;https://www.amazon.com/product-reviews/B07HC3CSMR;2;Android 7.0;6.2;1440x2960;3500;Li-Ion;6;2017-03-29;173;64;TRUE;TRUE;TRUE;FALSE;TRUE;TRUE;TRUE;TRUE;FALSE;FALSE;350
B07HC74RMG;Samsung;GalaxyS9;https://www.amazon.com/Samsung-Enterprise-Unlocked-Cellairis-Protector/dp/B07HC74RMG;https://m.media-amazon.com/images/I/715LLCKpQEL._AC_UY218_ML3_.jpg;1;https://www.amazon.com/product-reviews/B07HC74RMG;1;Android 8.0;5.8;1440x2960;3000;Li-Ion;4;2018-02-25;163;64;TRUE;TRUE;TRUE;FALSE;TRUE;TRUE;TRUE;TRUE;FALSE;TRUE;300
B07HFHX6HX;Samsung;GalaxyNote8;https://www.amazon.com/Samsung-Galaxy-Note-Smartphone-Refurbished/dp/B07HFHX6HX;https://m.media-amazon.com/images/I/51hvE4YI96L._AC_UY218_ML3_.jpg;4.2;https://www.amazon.com/product-reviews/B07HFHX6HX;551;Android 7.1.1;6.3;1440x2960;3300;Li-Ion;6;2017-08-23;195;64;TRUE;TRUE;TRUE;FALSE;TRUE;TRUE;TRUE;TRUE;FALSE;FALSE;210
B07HK4JNV1;Xiaomi;RedmiNote6Pro;https://www.amazon.com/Xiaomi-Factory-Unlocked-Smartphone-Version/dp/B07HK4JNV1;https://m.media-amazon.com/images/I/517Q3-wHBkL._AC_UY218_ML3_.jpg;4.3;https://www.amazon.com/product-reviews/B07HK4JNV1;441;Android 8.1;6.26;1080x2280;4000;Li-Po;6;2018-09-01;182;32;FALSE;TRUE;FALSE;FALSE;TRUE;FALSE;FALSE;FALSE;FALSE;FALSE;200
B07HKPMFZ5;Google;Pixel3XL;https://www.amazon.com/Pixel-Phone-XL-Certified-Refurbished/dp/B07HKPMFZ5;https://m.media-amazon.com/images/I/41CU2Axt3fL._AC_UY218_ML3_.jpg;4;https://www.amazon.com/product-reviews/B07HKPMFZ5;212;Android 9.0;6.3;1440x2960;3430;Li-Po;4;2018-10-09;184;64;TRUE;TRUE;TRUE;FALSE;TRUE;FALSE;TRUE;FALSE;FALSE;FALSE;260
B07HKQ61NV;Apple;iPhone8;https://www.amazon.com/Apple-iPhone-a1905-Unlocked-Refurbished/dp/B07HKQ61NV;https://m.media-amazon.com/images/I/71aOr1CuM1L._AC_UY218_ML3_.jpg;3.7;https://www.amazon.com/product-reviews/B07HKQ61NV;29;iOS 11;4.7;750x1334;1821;Li-Ion;2;2017-09-12;148;64;TRUE;TRUE;TRUE;FALSE;TRUE;TRUE;TRUE;TRUE;FALSE;FALSE;210
B07HQTWQVT;Sony;XperiaXA2;https://www.amazon.com/Sony-H3123-SBH-90C-Accessory-Bluetooth/dp/B07HQTWQVT;https://m.media-amazon.com/images/I/61+387TW4-L._AC_UY218_ML3_.jpg;3.9;https://www.amazon.com/product-reviews/B07HQTWQVT;209;Android 8.0;5.2;1080x1920;3300;Li-Ion;3;2018-01-01;171;32;TRUE;TRUE;TRUE;FALSE;TRUE;FALSE;FALSE;FALSE;FALSE;FALSE;200
B07J2Q68N4;Samsung;GalaxyS9;https://www.amazon.com/Samsung-Galaxy-Verizon-Unlocked-Midnight/dp/B07J2Q68N4;https://m.media-amazon.com/images/I/61J+8aMNXqL._AC_UY218_ML3_.jpg;3.6;https://www.amazon.com/product-reviews/B07J2Q68N4;29;Android 8.0;5.8;1440x2960;3000;Li-Ion;4;2018-02-25;163;64;TRUE;TRUE;TRUE;FALSE;TRUE;TRUE;TRUE;TRUE;FALSE;TRUE;300
B07J5VTRX6;Samsung;GalaxyS9;https://www.amazon.com/Samsung-Galaxy-SM-G960U-T-Mobile-Renewed/dp/B07J5VTRX6;https://m.media-amazon.com/images/I/71CKY2mWIrL._AC_UY218_ML3_.jpg;3.6;https://www.amazon.com/product-reviews/B07J5VTRX6;32;Android 8.0;5.8;1440x2960;3000;Li-Ion;4;2018-02-25;163;64;TRUE;TRUE;TRUE;FALSE;TRUE;TRUE;TRUE;TRUE;FALSE;TRUE;300
B07JLF13KV;Samsung;GalaxyS9;https://www.amazon.com/Samsung-SM-G9600-Factory-Unlocked-Warranty/dp/B07JLF13KV;https://m.media-amazon.com/images/I/11XG+aHHTWL._AC_UY218_ML3_.jpg;3.9;https://www.amazon.com/product-reviews/B07JLF13KV;2;Android 8.0;5.8;1440x2960;3000;Li-Ion;4;2018-02-25;163;64;TRUE;TRUE;TRUE;FALSE;TRUE;TRUE;TRUE;TRUE;FALSE;TRUE;300
B07JML1XPT;Samsung;GalaxyNote8;https://www.amazon.com/Samsung-Galaxy-Note-N950U-64GB/dp/B07JML1XPT;https://m.media-amazon.com/images/I/41f3kTuOG7L._AC_UY218_ML3_.jpg;4.1;https://www.amazon.com/product-reviews/B07JML1XPT;14;Android 7.1.1;6.3;1440x2960;3300;Li-Ion;6;2017-08-23;195;64;TRUE;TRUE;TRUE;FALSE;TRUE;TRUE;TRUE;TRUE;FALSE;FALSE;210
B07JMPGNHK;Xiaomi;Mi8Lite;https://www.amazon.com/Xiaomi-Display-Snapdragon-Cameras-Unlocked/dp/B07JMPGNHK;https://m.media-amazon.com/images/I/61oKJ6RYCDL._AC_UY218_ML3_.jpg;4.5;https://www.amazon.com/product-reviews/B07JMPGNHK;242;Android 8.1;6.26;1080x2280;3350;Li-Po;6;2018-09-01;169;64;TRUE;TRUE;TRUE;FALSE;TRUE;FALSE;TRUE;FALSE;FALSE;FALSE;360
B07JQXJ3JK;Samsung;GalaxyS9;https://www.amazon.com/Samsung-Galaxy-S9-Unlocked-Midnight/dp/B07JQXJ3JK;https://m.media-amazon.com/images/I/71EpwFTgLOL._AC_UY218_ML3_.jpg;5;https://www.amazon.com/product-reviews/B07JQXJ3JK;2;Android 8.0;5.8;1440x2960;3000;Li-Ion;4;2018-02-25;163;64;TRUE;TRUE;TRUE;FALSE;TRUE;TRUE;TRUE;TRUE;FALSE;TRUE;300
B07JVDQP47;Google;Pixel3;https://www.amazon.com/Google-Pixel-Factory-Unlocked-Black/dp/B07JVDQP47;https://m.media-amazon.com/images/I/61jEXWFEGOL._AC_UY218_ML3_.jpg;3.8;https://www.amazon.com/product-reviews/B07JVDQP47;63;Android 9.0;5.5;1080x2160;2915;Li-Po;4;2018-10-09;148;64;TRUE;TRUE;TRUE;FALSE;TRUE;FALSE;TRUE;FALSE;FALSE;FALSE;450
B07JZRFHTP;Samsung;GalaxyS8+;https://www.amazon.com/Samsung-Certified-Pre-Owned-Factory-Unlocked/dp/B07JZRFHTP;https://m.media-amazon.com/images/I/81qD4PO4h3L._AC_UY218_ML3_.jpg;4.2;https://www.amazon.com/product-reviews/B07JZRFHTP;11;Android 7.0;6.2;1440x2960;3500;Li-Ion;6;2017-03-29;173;64;TRUE;TRUE;TRUE;FALSE;TRUE;TRUE;TRUE;TRUE;FALSE;FALSE;350
B07JZRL7N5;Samsung;GalaxyS8+;https://www.amazon.com/Samsung-Certified-Pre-Owned-Factory-Unlocked/dp/B07JZRL7N5;https://m.media-amazon.com/images/I/810Pw0xxs1L._AC_UY218_ML3_.jpg;3.9;https://www.amazon.com/product-reviews/B07JZRL7N5;84;Android 7.0;6.2;1440x2960;3500;Li-Ion;6;2017-03-29;173;64;TRUE;TRUE;TRUE;FALSE;TRUE;TRUE;TRUE;TRUE;FALSE;FALSE;350
B07K2FZYKV;Samsung;GalaxyJ7(2018);https://www.amazon.com/Samsung-Galaxy-2018-16GB-J737A/dp/B07K2FZYKV;https://m.media-amazon.com/images/I/41v1cev1acL._AC_UY218_ML3_.jpg;4;https://www.amazon.com/product-reviews/B07K2FZYKV;54;Android 8.0;5.5;720x1280;3300;Li-Ion;2;2018-06-01;181;16;FALSE;TRUE;FALSE;FALSE;TRUE;FALSE;FALSE;FALSE;FALSE;FALSE;350
B07K3X5JTP;Google;Pixel3XL;https://www.amazon.com/Google-Pixel-XL-Just-Black/dp/B07K3X5JTP;https://m.media-amazon.com/images/I/718ynShMnpL._AC_UY218_ML3_.jpg;4.5;https://www.amazon.com/product-reviews/B07K3X5JTP;118;Android 9.0;6.3;1440x2960;3430;Li-Po;4;2018-10-09;184;64;TRUE;TRUE;TRUE;FALSE;TRUE;FALSE;TRUE;FALSE;FALSE;FALSE;260
B07K64PTLP;Xiaomi;Mi8Pro;https://www.amazon.com/Screen-Fingerprint-Cameras-Display-Unlocked/dp/B07K64PTLP;https://m.media-amazon.com/images/I/51XCFd-+zAL._AC_UY218_ML3_.jpg;4;https://www.amazon.com/product-reviews/B07K64PTLP;26;Android 8.1;6.21;1080x2248;3000;Li-Po;8;2018-09-01;177;128;TRUE;TRUE;TRUE;FALSE;TRUE;TRUE;TRUE;TRUE;FALSE;FALSE;510
B07K76LBLZ;OnePlus;6T;https://www.amazon.com/OnePlus-Storage-Factory-Unlocked-Display/dp/B07K76LBLZ;https://m.media-amazon.com/images/I/61-FZzBlpsL._AC_UY218_ML3_.jpg;4.2;https://www.amazon.com/product-reviews/B07K76LBLZ;86;Android 9.0;6.41;1080x2340;3700;Li-Po;8;2018-10-29;185;128;TRUE;TRUE;TRUE;FALSE;TRUE;TRUE;TRUE;TRUE;TRUE;FALSE;430
B07KB6S8YP;Samsung;GalaxyNote9;https://www.amazon.com/Samsung-Galaxy-N960U-T-Mobile-Unlocked/dp/B07KB6S8YP;https://m.media-amazon.com/images/I/61YNr9LO-lL._AC_UY218_ML3_.jpg;4.2;https://www.amazon.com/product-reviews/B07KB6S8YP;57;Android 8.1;6.4;1440x2960;4000;Li-Ion;8;2018-08-09;201;128;TRUE;TRUE;TRUE;FALSE;TRUE;TRUE;TRUE;TRUE;FALSE;TRUE;150
B07KCQHWTN;Samsung;GalaxyNote9;https://www.amazon.com/Samsung-Galaxy-N960U-128GB-T-Mobile/dp/B07KCQHWTN;https://m.media-amazon.com/images/I/61AO4aJIvZL._AC_UY218_ML3_.jpg;4.5;https://www.amazon.com/product-reviews/B07KCQHWTN;9;Android 8.1;6.4;1440x2960;4000;Li-Ion;8;2018-08-09;201;128;TRUE;TRUE;TRUE;FALSE;TRUE;TRUE;TRUE;TRUE;FALSE;TRUE;150
B07KFNRQ5S;Apple;iPhoneX;https://www.amazon.com/Apple-iPhone-Max-Fully-Unlocked/dp/B07KFNRQ5S;https://m.media-amazon.com/images/I/71XeQzRDyML._AC_UY218_ML3_.jpg;4.1;https://www.amazon.com/product-reviews/B07KFNRQ5S;230;iOS 11.1.1;5.8;1125x2436;2716;Li-Ion;3;2017-09-12;174;64;TRUE;TRUE;TRUE;FALSE;TRUE;TRUE;TRUE;TRUE;FALSE;FALSE;280
B07KJHCQCV;Google;Pixel2;https://www.amazon.com/Google-Pixel-Unlocked-Smartphone-Renewed/dp/B07KJHCQCV;https://m.media-amazon.com/images/I/51q6Cz8PJIL._AC_UY218_ML3_.jpg;3.1;https://www.amazon.com/product-reviews/B07KJHCQCV;6;Android 8.0;5;1080x1920;2700;Li-Ion;4;2017-10-04;143;64;TRUE;TRUE;TRUE;FALSE;TRUE;TRUE;TRUE;TRUE;FALSE;FALSE;610
B07KKL5KGG;Apple;iPhoneXS;https://www.amazon.com/Apple-iPhone-Fully-Unlocked-Renewed/dp/B07KKL5KGG;https://m.media-amazon.com/images/I/41+2tWGDs3L._AC_UY218_ML3_.jpg;3.9;https://www.amazon.com/product-reviews/B07KKL5KGG;198;iOS 12;5.8;1125x2436;2658;Li-Ion;4;2018-09-12;177;64;TRUE;TRUE;TRUE;FALSE;TRUE;TRUE;TRUE;TRUE;FALSE;FALSE;380
B07KQFRLDV;Samsung;GalaxyNote9;https://www.amazon.com/Samsung-Galaxy-Factory-Unlock-Renewed/dp/B07KQFRLDV;https://m.media-amazon.com/images/I/41qeKtRKsRL._AC_UY218_ML3_.jpg;3.7;https://www.amazon.com/product-reviews/B07KQFRLDV;14;Android 8.1;6.4;1440x2960;4000;Li-Ion;8;2018-08-09;201;128;TRUE;TRUE;TRUE;FALSE;TRUE;TRUE;TRUE;TRUE;FALSE;TRUE;150
B07KX1L519;Samsung;GalaxyA50;https://www.amazon.com/Samsung-Galaxy-Infinity-U-Display-Warranty/dp/B07KX1L519;https://m.media-amazon.com/images/I/51d6hsShnAL._AC_UY218_ML3_.jpg;4.1;https://www.amazon.com/product-reviews/B07KX1L519;125;Android 9.0;6.4;1080x2340;4000;Li-Po;6;2019-02-25;166;64;FALSE;TRUE;FALSE;FALSE;TRUE;FALSE;FALSE;FALSE;FALSE;FALSE;110
B07L543G3M;Samsung;GalaxyJ3(2018);https://www.amazon.com/Samsung-Galaxy-2018-16GB-J337A/dp/B07L543G3M;https://m.media-amazon.com/images/I/41Q3zLdBrUL._AC_UY218_ML3_.jpg;4.1;https://www.amazon.com/product-reviews/B07L543G3M;137;Android 8.0;5;720x1280;2600;Li-Ion;2;2018-06-01;152;16;FALSE;TRUE;FALSE;FALSE;TRUE;FALSE;FALSE;FALSE;FALSE;FALSE;400
B07L6RCH5W;Google;Pixel3;https://www.amazon.com/Google-Pixel-Factory-Unlocked-Renewed/dp/B07L6RCH5W;https://m.media-amazon.com/images/I/61i6bsQHqbL._AC_UY218_ML3_.jpg;1.4;https://www.amazon.com/product-reviews/B07L6RCH5W;2;Android 9.0;5.5;1080x2160;2915;Li-Po;4;2018-10-09;148;64;TRUE;TRUE;TRUE;FALSE;TRUE;FALSE;TRUE;FALSE;FALSE;FALSE;450
B07LDS3WDR;Samsung;GalaxyNote9;https://www.amazon.com/Samsung-Galaxy-SM-N960U-128GB-Ocean/dp/B07LDS3WDR;https://m.media-amazon.com/images/I/51yoJBR-ACL._AC_UY218_ML3_.jpg;4.7;https://www.amazon.com/product-reviews/B07LDS3WDR;6;Android 8.1;6.4;1440x2960;4000;Li-Ion;8;2018-08-09;201;128;TRUE;TRUE;TRUE;FALSE;TRUE;TRUE;TRUE;TRUE;FALSE;TRUE;150
B07MGKGHGP;Samsung;GalaxyJ3(2018);https://www.amazon.com/Samsung-Galaxy-2018-16GB-J337A/dp/B07MGKGHGP;https://m.media-amazon.com/images/I/61hwzcEYDmL._AC_UY218_ML3_.jpg;3.8;https://www.amazon.com/product-reviews/B07MGKGHGP;54;Android 8.0;5;720x1280;2600;Li-Ion;2;2018-06-01;152;16;FALSE;TRUE;FALSE;FALSE;TRUE;FALSE;FALSE;FALSE;FALSE;FALSE;400
B07MZ2TRTC;Sony;Xperia10Plus;https://www.amazon.com/Sony-Xperia-Plus-Unlocked-Smartphone/dp/B07MZ2TRTC;https://m.media-amazon.com/images/I/71OEcbgvnnL._AC_UY218_ML3_.jpg;3.5;https://www.amazon.com/product-reviews/B07MZ2TRTC;94;Android 9.0;6.5;1080x2520;3000;Li-Ion;6;2019-02-25;180;64;TRUE;TRUE;TRUE;FALSE;TRUE;FALSE;FALSE;FALSE;FALSE;FALSE;560
B07N4M412B;Samsung;GalaxyS10;https://www.amazon.com/Samsung-Galaxy-Factory-Unlocked-Phone/dp/B07N4M412B;https://m.media-amazon.com/images/I/51x8eZ8JbKL._AC_UY218_ML3_.jpg;4.2;https://www.amazon.com/product-reviews/B07N4M412B;346;Android 9.0;6.1;1440x3040;3400;Li-Ion;8;2019-02-20;157;128;TRUE;TRUE;TRUE;FALSE;TRUE;TRUE;TRUE;TRUE;FALSE;TRUE;200
B07N6N7JP3;Xiaomi;12;https://www.amazon.com/Xiaomi-Unlocked-Multi-Functional-Magnetic-Smartphone/dp/B07N6N7JP3;https://m.media-amazon.com/images/I/71QLhYeA2+L._AC_UY218_ML3_.jpg;4.3;https://www.amazon.com/product-reviews/B07N6N7JP3;79;Android 12;6.28;1080x2400;4500;Li-Po;8;2021-12-28;179;128;TRUE;TRUE;TRUE;TRUE;FALSE;TRUE;FALSE;FALSE;FALSE;TRUE;399.99
B07NC3N3Z8;Samsung;GalaxyS10;https://www.amazon.com/Samsung-SM-G973F-Dual-SIM-Unlocked-Smartphone/dp/B07NC3N3Z8;https://m.media-amazon.com/images/I/61scEiXfaIL._AC_UY218_ML3_.jpg;4.3;https://www.amazon.com/product-reviews/B07NC3N3Z8;16;Android 9.0;6.1;1440x3040;3400;Li-Ion;8;2019-02-20;157;128;TRUE;TRUE;TRUE;FALSE;TRUE;TRUE;TRUE;TRUE;FALSE;TRUE;200
B07ND4ZN2X;Google;Pixel3;https://www.amazon.com/Google-Pixel-128GB-Unlocked-Renewed/dp/B07ND4ZN2X;https://m.media-amazon.com/images/I/31k2rwloK4L._AC_UY218_ML3_.jpg;4.6;https://www.amazon.com/product-reviews/B07ND4ZN2X;5;Android 9.0;5.5;1080x2160;2915;Li-Po;4;2018-10-09;148;64;TRUE;TRUE;TRUE;FALSE;TRUE;FALSE;TRUE;FALSE;FALSE;FALSE;450
B07NLHLC88;Google;Pixel3;https://www.amazon.com/Google-Pixel-3-64GB-Verizon-Unlocked/dp/B07NLHLC88;https://m.media-amazon.com/images/I/41erRG4bHCL._AC_UY218_ML3_.jpg;3.8;https://www.amazon.com/product-reviews/B07NLHLC88;6;Android 9.0;5.5;1080x2160;2915;Li-Po;4;2018-10-09;148;64;TRUE;TRUE;TRUE;FALSE;TRUE;FALSE;TRUE;FALSE;FALSE;FALSE;450
B07NLMCDN4;Samsung;GalaxyNote9;https://www.amazon.com/Samsung-Galaxy-Smartphone-Android-Renewed/dp/B07NLMCDN4;https://m.media-amazon.com/images/I/71sSlZt65FL._AC_UY218_ML3_.jpg;1;https://www.amazon.com/product-reviews/B07NLMCDN4;1;Android 8.1;6.4;1440x2960;4000;Li-Ion;8;2018-08-09;201;128;TRUE;TRUE;TRUE;FALSE;TRUE;TRUE;TRUE;TRUE;FALSE;TRUE;150
B07NQNK5F4;Samsung;GalaxyS9+;https://www.amazon.com/Samsung-Galaxy-G965U-Lilac-Purple/dp/B07NQNK5F4;https://m.media-amazon.com/images/I/7105o1AlJLL._AC_UY218_ML3_.jpg;3.8;https://www.amazon.com/product-reviews/B07NQNK5F4;9;Android 8.0;6.2;1440x2960;3500;Li-Ion;6;2018-02-25;189;64;TRUE;TRUE;TRUE;FALSE;TRUE;TRUE;TRUE;TRUE;FALSE;TRUE;120
B07NRCRFVJ;Samsung;GalaxyNote8;https://www.amazon.com/Samsung-Certified-Pre-Owned-Factory-Unlocked/dp/B07NRCRFVJ;https://m.media-amazon.com/images/I/81pByOHKz3L._AC_UY218_ML3_.jpg;5;https://www.amazon.com/product-reviews/B07NRCRFVJ;1;Android 7.1.1;6.3;1440x2960;3300;Li-Ion;6;2017-08-23;195;64;TRUE;TRUE;TRUE;FALSE;TRUE;TRUE;TRUE;TRUE;FALSE;FALSE;210
B07NWKP41X;Samsung;GalaxyS10+;https://www.amazon.com/Samsung-SM-G975F-Dual-SIM-Unlocked-Smartphone/dp/B07NWKP41X;https://m.media-amazon.com/images/I/51-6BAu2kbL._AC_UY218_ML3_.jpg;4.4;https://www.amazon.com/product-reviews/B07NWKP41X;40;Android 9.0;6.4;1440x3040;4100;Li-Ion;8;2019-02-20;175;128;TRUE;TRUE;TRUE;FALSE;TRUE;TRUE;TRUE;TRUE;FALSE;TRUE;360
B07NWM7V9M;Samsung;GalaxyS10e;https://www.amazon.com/Samsung-SM-G970F-Dual-SIM-Unlocked-Smartphone/dp/B07NWM7V9M;https://m.media-amazon.com/images/I/51XRQwjkxPL._AC_UY218_ML3_.jpg;4;https://www.amazon.com/product-reviews/B07NWM7V9M;8;Android 9.0;5.8;1080x2280;3100;Li-Ion;8;2019-02-20;150;128;TRUE;TRUE;TRUE;FALSE;TRUE;TRUE;TRUE;TRUE;FALSE;TRUE;260
B07NY3D1NM;Samsung;GalaxyS10e;https://www.amazon.com/Samsung-Galaxy-Verizon-Unlocked-128GB/dp/B07NY3D1NM;https://m.media-amazon.com/images/I/71mf8bptp8L._AC_UY218_ML3_.jpg;5;https://www.amazon.com/product-reviews/B07NY3D1NM;1;Android 9.0;5.8;1080x2280;3100;Li-Ion;8;2019-02-20;150;128;TRUE;TRUE;TRUE;FALSE;TRUE;TRUE;TRUE;TRUE;FALSE;TRUE;260
B07NZVM3RN;Samsung;GalaxyS10e;https://www.amazon.com/Samsung-S10e-Unlocked-Smartphone-International/dp/B07NZVM3RN;https://m.media-amazon.com/images/I/51BateZ5iqL._AC_UY218_ML3_.jpg;4.5;https://www.amazon.com/product-reviews/B07NZVM3RN;213;Android 9.0;5.8;1080x2280;3100;Li-Ion;8;2019-02-20;150;128;TRUE;TRUE;TRUE;FALSE;TRUE;TRUE;TRUE;TRUE;FALSE;TRUE;260
B07NZX5BKH;Samsung;GalaxyS10+;https://www.amazon.com/Samsung-SM-G975F-Unlocked-Smartphone-International/dp/B07NZX5BKH;https://m.media-amazon.com/images/I/51V8qIvvd1L._AC_UY218_ML3_.jpg;4.3;https://www.amazon.com/product-reviews/B07NZX5BKH;193;Android 9.0;6.4;1440x3040;4100;Li-Ion;8;2019-02-20;175;128;TRUE;TRUE;TRUE;FALSE;TRUE;TRUE;TRUE;TRUE;FALSE;TRUE;360
B07NZXXZB2;Samsung;GalaxyS10;https://www.amazon.com/Samsung-SM-G973F-DS-Smartphone-International/dp/B07NZXXZB2;https://m.media-amazon.com/images/I/61YVqHdFRxL._AC_UY218_ML3_.jpg;4.4;https://www.amazon.com/product-reviews/B07NZXXZB2;300;Android 9.0;6.1;1440x3040;3400;Li-Ion;8;2019-02-20;157;128;TRUE;TRUE;TRUE;FALSE;TRUE;TRUE;TRUE;TRUE;FALSE;TRUE;200
B07P6RLBT7;Samsung;GalaxyS10+;https://www.amazon.com/Samsung-Galaxy-S10-Verizon-Unlocked/dp/B07P6RLBT7;https://m.media-amazon.com/images/I/41wepv9+bRL._AC_UY218_ML3_.jpg;5;https://www.amazon.com/product-reviews/B07P6RLBT7;1;Android 9.0;6.4;1440x3040;4100;Li-Ion;8;2019-02-20;175;128;TRUE;TRUE;TRUE;FALSE;TRUE;TRUE;TRUE;TRUE;FALSE;TRUE;360
B07P6Y8L3F;Apple;iPhoneXR;https://www.amazon.com/Apple-iPhone-XR-Fully-Unlocked/dp/B07P6Y8L3F;https://m.media-amazon.com/images/I/61LA-THTwWL._AC_UY218_ML3_.jpg;4.4;https://www.amazon.com/product-reviews/B07P6Y8L3F;1;iOS 12;6.1;828x1792;2942;Li-Ion;3;2018-09-12;194;64;TRUE;TRUE;TRUE;FALSE;TRUE;TRUE;TRUE;TRUE;FALSE;FALSE;310
B07P8MQHSH;Google;Pixel3;https://www.amazon.com/Google-Pixel-Memory-Phone-Unlocked/dp/B07P8MQHSH;https://m.media-amazon.com/images/I/71-s0qpYaZL._AC_UY218_ML3_.jpg;4;https://www.amazon.com/product-reviews/B07P8MQHSH;157;Android 9.0;5.5;1080x2160;2915;Li-Po;4;2018-10-09;148;64;TRUE;TRUE;TRUE;FALSE;TRUE;FALSE;TRUE;FALSE;FALSE;FALSE;450
B07PB3WV54;Samsung;GalaxyS10e;https://www.amazon.com/Samsung-Factory-Unlocked-Warranty-Renewed/dp/B07PB3WV54;https://m.media-amazon.com/images/I/61+mDJSfYuL._AC_UY218_ML3_.jpg;4;https://www.amazon.com/product-reviews/B07PB3WV54;189;Android 9.0;5.8;1080x2280;3100;Li-Ion;8;2019-02-20;150;128;TRUE;TRUE;TRUE;FALSE;TRUE;TRUE;TRUE;TRUE;FALSE;TRUE;260
B07PB5BXMZ;Samsung;GalaxyS10+;https://www.amazon.com/Samsung-Galaxy-Verizon-Unlocked-128GB/dp/B07PB5BXMZ;https://m.media-amazon.com/images/I/41GU83S76IL._AC_UY218_ML3_.jpg;5;https://www.amazon.com/product-reviews/B07PB5BXMZ;3;Android 9.0;6.4;1440x3040;4100;Li-Ion;8;2019-02-20;175;128;TRUE;TRUE;TRUE;FALSE;TRUE;TRUE;TRUE;TRUE;FALSE;TRUE;360
B07PB77Z4J;Samsung;GalaxyS10e;https://www.amazon.com/Samsung-Factory-Unlocked-Warranty-Renewed/dp/B07PB77Z4J;https://m.media-amazon.com/images/I/61IR7+oiS7L._AC_UY218_ML3_.jpg;4;https://www.amazon.com/product-reviews/B07PB77Z4J;189;Android 9.0;5.8;1080x2280;3100;Li-Ion;8;2019-02-20;150;128;TRUE;TRUE;TRUE;FALSE;TRUE;TRUE;TRUE;TRUE;FALSE;TRUE;260
B07PHFW8LV;Samsung;GalaxyS10;https://www.amazon.com/Samsung-Galaxy-S10-SM-G9730-International/dp/B07PHFW8LV;https://m.media-amazon.com/images/I/51jqxUxAJYL._AC_UY218_ML3_.jpg;4.4;https://www.amazon.com/product-reviews/B07PHFW8LV;9;Android 9.0;6.1;1440x3040;3400;Li-Ion;8;2019-02-20;157;128;TRUE;TRUE;TRUE;FALSE;TRUE;TRUE;TRUE;TRUE;FALSE;TRUE;200
B07PHQ7FBP;Sony;Xperia1;https://www.amazon.com/Sony-Unlocked-Smartphone-CinemaWide-Display/dp/B07PHQ7FBP;https://m.media-amazon.com/images/I/71oXhyGDd+L._AC_UY218_ML3_.jpg;4.5;https://www.amazon.com/product-reviews/B07PHQ7FBP;70;Android 9.0;6.5;1644x3840;3330;Li-Ion;6;2019-02-25;178;64;TRUE;TRUE;TRUE;FALSE;TRUE;TRUE;FALSE;FALSE;FALSE;TRUE;500
B07PQSYGKB;OnePlus;6T;https://www.amazon.com/OnePlus-A6013-128GB-Mirror-Black/dp/B07PQSYGKB;https://m.media-amazon.com/images/I/61mUCvyDkQL._AC_UY218_ML3_.jpg;4.3;https://www.amazon.com/product-reviews/B07PQSYGKB;52;Android 9.0;6.41;1080x2340;3700;Li-Po;8;2018-10-29;185;128;TRUE;TRUE;TRUE;FALSE;TRUE;TRUE;TRUE;TRUE;TRUE;FALSE;430
B07PV7LN4X;Samsung;GalaxyA30;https://www.amazon.com/Samsung-A30-SM-A305G-Unlocked-International/dp/B07PV7LN4X;https://m.media-amazon.com/images/I/71i9lcnWT1L._AC_UY218_ML3_.jpg;4.2;https://www.amazon.com/product-reviews/B07PV7LN4X;352;Android 9.0;6.4;1080x2340;4000;Li-Po;4;2019-02-25;165;32;FALSE;TRUE;FALSE;FALSE;TRUE;FALSE;FALSE;FALSE;FALSE;FALSE;100
B07PXV5GXJ;Xiaomi;Redmi7;https://www.amazon.com/Xiaomi-Unlocked-Smartphone-International-Warranty/dp/B07PXV5GXJ;https://m.media-amazon.com/images/I/51iRhc7-HBL._AC_UY218_ML3_.jpg;4.4;https://www.amazon.com/product-reviews/B07PXV5GXJ;67;Android 9.0 Pie;6.26;720x1520;4000;Li-Po;4;2019-03-18;180;16;FALSE;TRUE;FALSE;FALSE;FALSE;TRUE;FALSE;FALSE;FALSE;FALSE;150
B07PY52GVP;Xiaomi;RedmiNote7;https://www.amazon.com/Xiaomi-Redmi-Note-Snapdragon-Black/dp/B07PY52GVP;https://m.media-amazon.com/images/I/61ZaskM5hBL._AC_UY218_ML3_.jpg;4.4;https://www.amazon.com/product-reviews/B07PY52GVP;630;Android 9.0;6.3;1080x2340;4000;Li-Po;6;2019-01-10;186;32;FALSE;TRUE;FALSE;FALSE;FALSE;FALSE;TRUE;FALSE;FALSE;FALSE;170
B07Q26V49K;Xiaomi;RedmiNote7;https://www.amazon.com/Xiaomi-Redmi-Note-64GB-Snapdragon/dp/B07Q26V49K;https://m.media-amazon.com/images/I/41FBnbqW3pL._AC_UY218_ML3_.jpg;4.5;https://www.amazon.com/product-reviews/B07Q26V49K;471;Android 9.0;6.3;1080x2340;4000;Li-Po;6;2019-01-10;186;32;FALSE;TRUE;FALSE;FALSE;FALSE;FALSE;TRUE;FALSE;FALSE;FALSE;170
B07Q3T41M4;Xiaomi;RedmiNote7;https://www.amazon.com/Xiaomi-Display-Factory-Unlocked-International/dp/B07Q3T41M4;https://m.media-amazon.com/images/I/51aPFwkAV9L._AC_UY218_ML3_.jpg;4.5;https://www.amazon.com/product-reviews/B07Q3T41M4;29;Android 9.0;6.3;1080x2340;4000;Li-Po;6;2019-01-10;186;32;FALSE;TRUE;FALSE;FALSE;FALSE;FALSE;TRUE;FALSE;FALSE;FALSE;170
B07Q6ZNJNT;Samsung;GalaxyA10;https://www.amazon.com/Samsung-Galaxy-A10-Unlocked-Camera/dp/B07Q6ZNJNT;https://m.media-amazon.com/images/I/711v+hjDjxL._AC_UY218_ML3_.jpg;4.2;https://www.amazon.com/product-reviews/B07Q6ZNJNT;411;Android 9.0;6.2;720x1520;3400;Li-Ion;4;2019-02-28;168;32;FALSE;TRUE;FALSE;FALSE;TRUE;FALSE;FALSE;FALSE;FALSE;FALSE;300
B07Q6ZZ4S1;Xiaomi;RedmiNote7;https://www.amazon.com/Xiaomi-Factory-Unlocked-Smartphone-Warranty/dp/B07Q6ZZ4S1;https://m.media-amazon.com/images/I/51X1YcLSmXL._AC_UY218_ML3_.jpg;4.3;https://www.amazon.com/product-reviews/B07Q6ZZ4S1;272;Android 9.0;6.3;1080x2340;4000;Li-Po;6;2019-01-10;186;32;FALSE;TRUE;FALSE;FALSE;FALSE;FALSE;TRUE;FALSE;FALSE;FALSE;170
B07Q84DPZH;Samsung;GalaxyA10;https://www.amazon.com/Samsung-A10-Infinity-V-Unlocked-Smartphone/dp/B07Q84DPZH;https://m.media-amazon.com/images/I/611v1lZLoJL._AC_UY218_ML3_.jpg;4.1;https://www.amazon.com/product-reviews/B07Q84DPZH;874;Android 9.0;6.2;720x1520;3400;Li-Ion;4;2019-02-28;168;32;FALSE;TRUE;FALSE;FALSE;TRUE;FALSE;FALSE;FALSE;FALSE;FALSE;300
B07Q88NYCW;Xiaomi;RedmiNote7;https://www.amazon.com/Xiaomi-Display-Camera-Factory-Unlocked/dp/B07Q88NYCW;https://m.media-amazon.com/images/I/61EpGpndbuL._AC_UY218_ML3_.jpg;4.4;https://www.amazon.com/product-reviews/B07Q88NYCW;40;Android 9.0;6.3;1080x2340;4000;Li-Po;6;2019-01-10;186;32;FALSE;TRUE;FALSE;FALSE;FALSE;FALSE;TRUE;FALSE;FALSE;FALSE;170
B07QB8QYYZ;Xiaomi;Mi9SE;https://www.amazon.com/Xiaomi-Unlocked-International-Version-Warranty/dp/B07QB8QYYZ;https://m.media-amazon.com/images/I/41UrCG1gkRL._AC_UY218_ML3_.jpg;4.4;https://www.amazon.com/product-reviews/B07QB8QYYZ;71;Android 9.0;5.97;1080x2340;3070;Li-Po;6;2019-02-20;155;64;TRUE;TRUE;TRUE;FALSE;TRUE;TRUE;TRUE;FALSE;FALSE;TRUE;460
B07QB9HMLF;Samsung;GalaxyNote9;https://www.amazon.com/Samsung-T-Mobile-Unlocked-Midnight-Renewed/dp/B07QB9HMLF;https://m.media-amazon.com/images/I/71qDtN2wn8L._AC_UY218_ML3_.jpg;4.3;https://www.amazon.com/product-reviews/B07QB9HMLF;10;Android 8.1;6.4;1440x2960;4000;Li-Ion;8;2018-08-09;201;128;TRUE;TRUE;TRUE;FALSE;TRUE;TRUE;TRUE;TRUE;FALSE;TRUE;150
B07QCCW5KB;Xiaomi;Redmi7;https://www.amazon.com/Xiaomi-Factory-Unlocked-Smartphone-Warranty/dp/B07QCCW5KB;https://m.media-amazon.com/images/I/71FVXlimMTL._AC_UY218_ML3_.jpg;4.4;https://www.amazon.com/product-reviews/B07QCCW5KB;146;Android 9.0 Pie;6.26;720x1520;4000;Li-Po;4;2019-03-18;180;16;FALSE;TRUE;FALSE;FALSE;FALSE;TRUE;FALSE;FALSE;FALSE;FALSE;150
B07QCQ9JRH;Samsung;GalaxyM10;https://www.amazon.com/Samsung-Galaxy-M105M-Unlocked-Camera/dp/B07QCQ9JRH;https://m.media-amazon.com/images/I/41msGeobyxL._AC_UY218_ML3_.jpg;4.1;https://www.amazon.com/product-reviews/B07QCQ9JRH;32;Android 8.1;6.22;720x1520;3400;Li-Ion;3;2019-01-01;163;16;FALSE;TRUE;FALSE;FALSE;TRUE;FALSE;FALSE;FALSE;FALSE;FALSE;90
B07QCXPP71;Xiaomi;Redmi7;https://www.amazon.com/Xiaomi-Unlocked-Smartphone-Global-Version/dp/B07QCXPP71;https://m.media-amazon.com/images/I/51+GWFYhjUL._AC_UY218_ML3_.jpg;4.5;https://www.amazon.com/product-reviews/B07QCXPP71;35;Android 9.0 Pie;6.26;720x1520;4000;Li-Po;4;2019-03-18;180;16;FALSE;TRUE;FALSE;FALSE;FALSE;TRUE;FALSE;FALSE;FALSE;FALSE;150
B07QD67Z1Y;Samsung;GalaxyA50;https://www.amazon.com/Samsung-SM-A505F-Dual-SIM-6-4-Inch-Smartphone/dp/B07QD67Z1Y;https://m.media-amazon.com/images/I/41FaKE61LWL._AC_UY218_ML3_.jpg;3.7;https://www.amazon.com/product-reviews/B07QD67Z1Y;28;Android 9.0;6.4;1080x2340;4000;Li-Po;6;2019-02-25;166;64;FALSE;TRUE;FALSE;FALSE;TRUE;FALSE;FALSE;FALSE;FALSE;FALSE;110
B07QFS3L4G;Samsung;GalaxyM20;https://www.amazon.com/Samsung-Galaxy-M20-Unlocked-Camera/dp/B07QFS3L4G;https://m.media-amazon.com/images/I/418T9z1d6zL._AC_UY218_ML3_.jpg;4.1;https://www.amazon.com/product-reviews/B07QFS3L4G;29;Android 8.1;6.3;1080x2340;5000;Li-Po;4;2019-01-28;186;32;FALSE;TRUE;FALSE;FALSE;TRUE;FALSE;FALSE;FALSE;FALSE;FALSE;380
B07QGG4654;Samsung;GalaxyNote9;https://www.amazon.com/Samsung-Galaxy-T-Mobile-Unlocked-Renewed/dp/B07QGG4654;https://m.media-amazon.com/images/I/61seKW0ojYL._AC_UY218_ML3_.jpg;4.3;https://www.amazon.com/product-reviews/B07QGG4654;80;Android 8.1;6.4;1440x2960;4000;Li-Ion;8;2018-08-09;201;128;TRUE;TRUE;TRUE;FALSE;TRUE;TRUE;TRUE;TRUE;FALSE;TRUE;150
B07QK32C8M;Xiaomi;RedmiNote7;https://www.amazon.com/Xiaomi-Factory-Unlocked-Smartphone-Warranty/dp/B07QK32C8M;https://m.media-amazon.com/images/I/51Hc4HmwwbL._AC_UY218_ML3_.jpg;4.1;https://www.amazon.com/product-reviews/B07QK32C8M;229;Android 9.0;6.3;1080x2340;4000;Li-Po;6;2019-01-10;186;32;FALSE;TRUE;FALSE;FALSE;FALSE;FALSE;TRUE;FALSE;FALSE;FALSE;170
B07QKPPM6X;Samsung;GalaxyJ2Core;https://www.amazon.com/Samsung-Unlocked-Caribbean-SM-J260M-Lavender/dp/B07QKPPM6X;https://m.media-amazon.com/images/I/51QOj3nwOuL._AC_UY218_ML3_.jpg;4;https://www.amazon.com/product-reviews/B07QKPPM6X;8;Android 8.1 Oreo;5;540x960;2600;Li-Ion;1;2018-08-01;154;8;FALSE;TRUE;FALSE;FALSE;TRUE;FALSE;FALSE;FALSE;FALSE;FALSE;200
B07QP9R469;Samsung;GalaxyA70;https://www.amazon.com/Samsung-SM-A705F-Dual-SIM-6-7-Inch-Smartphone/dp/B07QP9R469;https://m.media-amazon.com/images/I/614JyXnSGFL._AC_UY218_ML3_.jpg;3.7;https://www.amazon.com/product-reviews/B07QP9R469;39;Android 9.0;6.7;1080x2400;4500;Li-Po;8;2019-03-26;183;128;TRUE;TRUE;TRUE;FALSE;TRUE;TRUE;TRUE;TRUE;FALSE;FALSE;270
B07QP9ZMQH;Samsung;GalaxyA40;https://www.amazon.com/Samsung-SM-A405F-Dual-SIM-5-9-Inch-Smartphone/dp/B07QP9ZMQH;https://m.media-amazon.com/images/I/91VEhm3hwmL._AC_UY218_ML3_.jpg;4.2;https://www.amazon.com/product-reviews/B07QP9ZMQH;4;Android 9.0;5.9;1080x2340;3100;Li-Po;4;2019-03-19;140;64;FALSE;TRUE;FALSE;FALSE;TRUE;FALSE;FALSE;FALSE;FALSE;FALSE;200
B07QPTGJP5;Samsung;GalaxyA50;https://www.amazon.com/Samsung-SM-A505FDS-Infinity-U-Unlocked-International/dp/B07QPTGJP5;https://m.media-amazon.com/images/I/81eER5CvlUL._AC_UY218_ML3_.jpg;3.5;https://www.amazon.com/product-reviews/B07QPTGJP5;42;Android 9.0;6.4;1080x2340;4000;Li-Po;6;2019-02-25;166;64;FALSE;TRUE;FALSE;FALSE;TRUE;FALSE;FALSE;FALSE;FALSE;FALSE;110
B07QQYHSR5;Samsung;GalaxyA50;https://www.amazon.com/Samsung-Galaxy-Unlocked-Triple-Camera/dp/B07QQYHSR5;https://m.media-amazon.com/images/I/81SMrSvqUWL._AC_UY218_ML3_.jpg;4.2;https://www.amazon.com/product-reviews/B07QQYHSR5;706;Android 9.0;6.4;1080x2340;4000;Li-Po;6;2019-02-25;166;64;FALSE;TRUE;FALSE;FALSE;TRUE;FALSE;FALSE;FALSE;FALSE;FALSE;110
B07R4PP7FF;Xiaomi;Mi9;https://www.amazon.com/Xiaomi-64GB-6GB-RAM-Resolution/dp/B07R4PP7FF;https://m.media-amazon.com/images/I/51OANpTqi8L._AC_UY218_ML3_.jpg;4.5;https://www.amazon.com/product-reviews/B07R4PP7FF;84;Android 9.0;6.39;1080x2340;3300;Li-Po;8;2019-02-20;173;64;TRUE;TRUE;TRUE;FALSE;TRUE;TRUE;TRUE;TRUE;FALSE;TRUE;590
B07R57VRJ7;Samsung;GalaxyA70;https://www.amazon.com/Samsung-SM-A7050-6-7-inches-Factory-Unlocked/dp/B07R57VRJ7;https://m.media-amazon.com/images/I/61HQhbnTQkL._AC_UY218_ML3_.jpg;5;https://www.amazon.com/product-reviews/B07R57VRJ7;1;Android 9.0;6.7;1080x2400;4500;Li-Po;8;2019-03-26;183;128;TRUE;TRUE;TRUE;FALSE;TRUE;TRUE;TRUE;TRUE;FALSE;FALSE;270
B07R5ZYR77;Xiaomi;12;https://www.amazon.com/Xiaomi-128GB-6GB-RAM-Resolution/dp/B07R5ZYR77;https://m.media-amazon.com/images/I/51OANpTqi8L._AC_UY218_ML3_.jpg;4.7;https://www.amazon.com/product-reviews/B07R5ZYR77;56;Android 12;6.28;1080x2400;4500;Li-Po;8;2021-12-28;179;128;TRUE;TRUE;TRUE;TRUE;FALSE;TRUE;FALSE;FALSE;FALSE;TRUE;399.99
B07R7DY911;Google;Pixel3a;https://www.amazon.com/Google-Pixel-Memory-Phone-Unlocked/dp/B07R7DY911;https://m.media-amazon.com/images/I/81T-FKC695L._AC_UY218_ML3_.jpg;4.3;https://www.amazon.com/product-reviews/B07R7DY911;1;Android 9.0;5.6;1080x2220;3000;Li-Po;4;2019-05-07;147;64;TRUE;TRUE;TRUE;FALSE;TRUE;FALSE;TRUE;FALSE;FALSE;FALSE;290
B07RCXCPV5;OnePlus;7Pro;https://www.amazon.com/OnePlus-Factory-Unlocked-Verizon-Tmobile/dp/B07RCXCPV5;https://m.media-amazon.com/images/I/71SD8-CNAmL._AC_UY218_ML3_.jpg;4.4;https://www.amazon.com/product-reviews/B07RCXCPV5;49;Android 9.0;6.67;1440x3120;4000;Li-Po;6;2019-05-14;206;128;TRUE;TRUE;TRUE;FALSE;TRUE;TRUE;TRUE;TRUE;TRUE;FALSE;590
B07RDMLR4V;Apple;iPhoneXSMax;https://www.amazon.com/Apple-iPhone-Max-256GB-Gray/dp/B07RDMLR4V;https://m.media-amazon.com/images/I/81nSsCFeiTL._AC_UY218_ML3_.jpg;4.1;https://www.amazon.com/product-reviews/B07RDMLR4V;230;iOS 12;6.5;1242x2688;3174;Li-Ion;4;2018-09-12;208;64;TRUE;TRUE;TRUE;FALSE;TRUE;TRUE;TRUE;TRUE;FALSE;FALSE;570
B07RJZH9N2;Samsung;GalaxyA50;https://www.amazon.com/Samsung-A50-Display-Unlocked-International/dp/B07RJZH9N2;https://m.media-amazon.com/images/I/81NuMh5e+UL._AC_UY218_ML3_.jpg;4.1;https://www.amazon.com/product-reviews/B07RJZH9N2;21;Android 9.0;6.4;1080x2340;4000;Li-Po;6;2019-02-25;166;64;FALSE;TRUE;FALSE;FALSE;TRUE;FALSE;FALSE;FALSE;FALSE;FALSE;110
B07RL93F7T;Samsung;GalaxyA50;https://www.amazon.com/Samsung-SM-A505G-Factory-Unlocked-Renewed/dp/B07RL93F7T;https://m.media-amazon.com/images/I/71cWAMqNuLL._AC_UY218_ML3_.jpg;3.8;https://www.amazon.com/product-reviews/B07RL93F7T;18;Android 9.0;6.4;1080x2340;4000;Li-Po;6;2019-02-25;166;64;FALSE;TRUE;FALSE;FALSE;TRUE;FALSE;FALSE;FALSE;FALSE;FALSE;110
B07RT1X4FJ;Apple;iPhoneXS;https://www.amazon.com/Apple-iPhone-XS-256GB-Gray/dp/B07RT1X4FJ;https://m.media-amazon.com/images/I/61xa10dafvL._AC_UY218_ML3_.jpg;3.9;https://www.amazon.com/product-reviews/B07RT1X4FJ;198;iOS 12;5.8;1125x2436;2658;Li-Ion;4;2018-09-12;177;64;TRUE;TRUE;TRUE;FALSE;TRUE;TRUE;TRUE;TRUE;FALSE;FALSE;380
B07RWFC6NY;Samsung;GalaxyA70;https://www.amazon.com/Samsung-A70-Infinity-U-Smartphone-International/dp/B07RWFC6NY;https://m.media-amazon.com/images/I/41cIrncoPlL._AC_UY218_ML3_.jpg;4.4;https://www.amazon.com/product-reviews/B07RWFC6NY;586;Android 9.0;6.7;1080x2400;4500;Li-Po;8;2019-03-26;183;128;TRUE;TRUE;TRUE;FALSE;TRUE;TRUE;TRUE;TRUE;FALSE;FALSE;270
B07RZ8QFV1;Samsung;GalaxyNote9;https://www.amazon.com/Samsung-Galaxy-N960U-T-Mobile-Unlocked/dp/B07RZ8QFV1;https://m.media-amazon.com/images/I/61a3e3EzhmL._AC_UY218_ML3_.jpg;4.5;https://www.amazon.com/product-reviews/B07RZ8QFV1;9;Android 8.1;6.4;1440x2960;4000;Li-Ion;8;2018-08-09;201;128;TRUE;TRUE;TRUE;FALSE;TRUE;TRUE;TRUE;TRUE;FALSE;TRUE;150
B07S4755CM;OnePlus;7Pro;https://www.amazon.com/OnePlus-Factory-Unlocked-AMOLED-Display/dp/B07S4755CM;https://m.media-amazon.com/images/I/51-QMzEE0HL._AC_UY218_ML3_.jpg;4.5;https://www.amazon.com/product-reviews/B07S4755CM;28;Android 9.0;6.67;1440x3120;4000;Li-Po;6;2019-05-14;206;128;TRUE;TRUE;TRUE;FALSE;TRUE;TRUE;TRUE;TRUE;TRUE;FALSE;590
B07SB1S9TL;Samsung;GalaxyA20;https://www.amazon.com/Samsung-A20-Infinity-V-Display-Unlocked/dp/B07SB1S9TL;https://m.media-amazon.com/images/I/612dz3b6IIL._AC_UY218_ML3_.jpg;4;https://www.amazon.com/product-reviews/B07SB1S9TL;55;Android 9.0;6.4;720x1560;4000;Li-Po;3;2019-03-19;169;32;FALSE;TRUE;FALSE;FALSE;TRUE;FALSE;FALSE;FALSE;FALSE;FALSE;400
B07SCJNSRT;Samsung;GalaxyA10;https://www.amazon.com/Samsung-Galaxy-DS-Unlocked-Smartphone/dp/B07SCJNSRT;https://m.media-amazon.com/images/I/615wcLMDicL._AC_UY218_ML3_.jpg;4.2;https://www.amazon.com/product-reviews/B07SCJNSRT;100;Android 9.0;6.2;720x1520;3400;Li-Ion;4;2019-02-28;168;32;FALSE;TRUE;FALSE;FALSE;TRUE;FALSE;FALSE;FALSE;FALSE;FALSE;300
B07SD888PR;Samsung;GalaxyA10;https://www.amazon.com/Samsung-A10-Infinity-V-Display-Unlocked/dp/B07SD888PR;https://m.media-amazon.com/images/I/61HGi0tNglL._AC_UY218_ML3_.jpg;4.2;https://www.amazon.com/product-reviews/B07SD888PR;15;Android 9.0;6.2;720x1520;3400;Li-Ion;4;2019-02-28;168;32;FALSE;TRUE;FALSE;FALSE;TRUE;FALSE;FALSE;FALSE;FALSE;FALSE;300
B07SFZ88SY;Samsung;GalaxyNote9;https://www.amazon.com/Samsung-Galaxy-N960U-128GB-Sprint/dp/B07SFZ88SY;https://m.media-amazon.com/images/I/611AfKCxboL._AC_UY218_ML3_.jpg;3.8;https://www.amazon.com/product-reviews/B07SFZ88SY;4;Android 8.1;6.4;1440x2960;4000;Li-Ion;8;2018-08-09;201;128;TRUE;TRUE;TRUE;FALSE;TRUE;TRUE;TRUE;TRUE;FALSE;TRUE;150
B07SQB46KY;Samsung;GalaxyS10e;https://www.amazon.com/Samsung-Galaxy-Verizon-Unlocked-Renewed/dp/B07SQB46KY;https://m.media-amazon.com/images/I/71m4jx-b3xL._AC_UY218_ML3_.jpg;3.3;https://www.amazon.com/product-reviews/B07SQB46KY;15;Android 9.0;5.8;1080x2280;3100;Li-Ion;8;2019-02-20;150;128;TRUE;TRUE;TRUE;FALSE;TRUE;TRUE;TRUE;TRUE;FALSE;TRUE;260
B07SRD34FJ;Samsung;GalaxyS10+;https://www.amazon.com/Samsung-Verizon-Unlocked-Flamingo-Renewed/dp/B07SRD34FJ;https://m.media-amazon.com/images/I/31uRHaB2ivL._AC_UY218_ML3_.jpg;3;https://www.amazon.com/product-reviews/B07SRD34FJ;1;Android 9.0;6.4;1440x3040;4100;Li-Ion;8;2019-02-20;175;128;TRUE;TRUE;TRUE;FALSE;TRUE;TRUE;TRUE;TRUE;FALSE;TRUE;360
B07SRD6SVX;Samsung;GalaxyS10e;https://www.amazon.com/Samsung-Galaxy-Verizon-Unlocked-Renewed/dp/B07SRD6SVX;https://m.media-amazon.com/images/I/71+figFvKvL._AC_UY218_ML3_.jpg;3.3;https://www.amazon.com/product-reviews/B07SRD6SVX;15;Android 9.0;5.8;1080x2280;3100;Li-Ion;8;2019-02-20;150;128;TRUE;TRUE;TRUE;FALSE;TRUE;TRUE;TRUE;TRUE;FALSE;TRUE;260
B07SSCV7SS;Samsung;GalaxyS10e;https://www.amazon.com/Samsung-Galaxy-SM-G970U-Unlocked-Verizon/dp/B07SSCV7SS;https://m.media-amazon.com/images/I/71LQ0zYCu0L._AC_UY218_ML3_.jpg;1;https://www.amazon.com/product-reviews/B07SSCV7SS;1;Android 9.0;5.8;1080x2280;3100;Li-Ion;8;2019-02-20;150;128;TRUE;TRUE;TRUE;FALSE;TRUE;TRUE;TRUE;TRUE;FALSE;TRUE;260
B07STDQDKF;Samsung;GalaxyS10;https://www.amazon.com/Samsung-Galaxy-Verizon-Unlocked-Renewed/dp/B07STDQDKF;https://m.media-amazon.com/images/I/71nHQ3SWE+L._AC_UY218_ML3_.jpg;3.3;https://www.amazon.com/product-reviews/B07STDQDKF;10;Android 9.0;6.1;1440x3040;3400;Li-Ion;8;2019-02-20;157;128;TRUE;TRUE;TRUE;FALSE;TRUE;TRUE;TRUE;TRUE;FALSE;TRUE;200
B07STFZQ9Y;Samsung;GalaxyS10;https://www.amazon.com/Samsung-Galaxy-Verizon-Unlocked-Renewed/dp/B07STFZQ9Y;https://m.media-amazon.com/images/I/61PoeRICr+L._AC_UY218_ML3_.jpg;3.3;https://www.amazon.com/product-reviews/B07STFZQ9Y;10;Android 9.0;6.1;1440x3040;3400;Li-Ion;8;2019-02-20;157;128;TRUE;TRUE;TRUE;FALSE;TRUE;TRUE;TRUE;TRUE;FALSE;TRUE;200
B07SVFGKCJ;Samsung;GalaxyS10+;https://www.amazon.com/Samsung-Galaxy-Verizon-Unlocked-Renewed/dp/B07SVFGKCJ;https://m.media-amazon.com/images/I/41D0pyBkdjL._AC_UY218_ML3_.jpg;3.1;https://www.amazon.com/product-reviews/B07SVFGKCJ;14;Android 9.0;6.4;1440x3040;4100;Li-Ion;8;2019-02-20;175;128;TRUE;TRUE;TRUE;FALSE;TRUE;TRUE;TRUE;TRUE;FALSE;TRUE;360
B07SVFJ3P5;Samsung;GalaxyS10+;https://www.amazon.com/Samsung-Galaxy-Verizon-Unlocked-Renewed/dp/B07SVFJ3P5;https://m.media-amazon.com/images/I/51oYKiSb5TL._AC_UY218_ML3_.jpg;1.5;https://www.amazon.com/product-reviews/B07SVFJ3P5;5;Android 9.0;6.4;1440x3040;4100;Li-Ion;8;2019-02-20;175;128;TRUE;TRUE;TRUE;FALSE;TRUE;TRUE;TRUE;TRUE;FALSE;TRUE;360
B07T7MM64L;Xiaomi;Mi9T;https://www.amazon.com/Xiaomi-AMOLED-Display-Factory-Unlocked/dp/B07T7MM64L;https://m.media-amazon.com/images/I/61QTazZbBRL._AC_UY218_ML3_.jpg;4.5;https://www.amazon.com/product-reviews/B07T7MM64L;94;Android 9.0;6.39;1080x2340;4000;Li-Po;6;2019-06-12;191;64;TRUE;TRUE;TRUE;FALSE;TRUE;TRUE;TRUE;TRUE;FALSE;TRUE;460
B07TB7DJ2J;Xiaomi;Redmi7A;https://www.amazon.com/Xiaomi-Display-Factory-Unlocked-International/dp/B07TB7DJ2J;https://m.media-amazon.com/images/I/61jNSpaAN5L._AC_UY218_ML3_.jpg;4.1;https://www.amazon.com/product-reviews/B07TB7DJ2J;16;Android 9.0;5.45;720x1440;4000;Li-Po;3;2019-05-24;165;16;FALSE;TRUE;FALSE;FALSE;TRUE;FALSE;FALSE;FALSE;FALSE;FALSE;130
B07TD6F34D;Samsung;GalaxyNote9;https://www.amazon.com/Samsung-Galaxy-Note-128GB-Lavender/dp/B07TD6F34D;https://m.media-amazon.com/images/I/61rXSsjXIWL._AC_UY218_ML3_.jpg;5;https://www.amazon.com/product-reviews/B07TD6F34D;1;Android 8.1;6.4;1440x2960;4000;Li-Ion;8;2018-08-09;201;128;TRUE;TRUE;TRUE;FALSE;TRUE;TRUE;TRUE;TRUE;FALSE;TRUE;150
B07TDC7BKR;Samsung;GalaxyA20;https://www.amazon.com/Samsung-SM-A205GDS-Infinity-V-Unlocked-International/dp/B07TDC7BKR;https://m.media-amazon.com/images/I/41YVOuezwoL._AC_UY218_ML3_.jpg;4.1;https://www.amazon.com/product-reviews/B07TDC7BKR;89;Android 9.0;6.4;720x1560;4000;Li-Po;3;2019-03-19;169;32;FALSE;TRUE;FALSE;FALSE;TRUE;FALSE;FALSE;FALSE;FALSE;FALSE;400
B07TDNCVW2;Samsung;GalaxyS10+;https://www.amazon.com/Samsung-Galaxy-Verizon-Unlocked-Renewed/dp/B07TDNCVW2;https://m.media-amazon.com/images/I/41+2bdGS5GL._AC_UY218_ML3_.jpg;2.4;https://www.amazon.com/product-reviews/B07TDNCVW2;14;Android 9.0;6.4;1440x3040;4100;Li-Ion;8;2019-02-20;175;128;TRUE;TRUE;TRUE;FALSE;TRUE;TRUE;TRUE;TRUE;FALSE;TRUE;360
B07TVW6QY5;Samsung;GalaxyS10+;https://www.amazon.com/Samsung-Galaxy-Cellphone-T-Mobile-Renewed/dp/B07TVW6QY5;https://m.media-amazon.com/images/I/71NCIUGzxaL._AC_UY218_ML3_.jpg;5;https://www.amazon.com/product-reviews/B07TVW6QY5;1;Android 9.0;6.4;1440x3040;4100;Li-Ion;8;2019-02-20;175;128;TRUE;TRUE;TRUE;FALSE;TRUE;TRUE;TRUE;TRUE;FALSE;TRUE;360
B07TYW7CSS;Samsung;GalaxyA80;https://www.amazon.com/Samsung-SM-A805F-Dual-SIM-Unlocked-Smartphone/dp/B07TYW7CSS;https://m.media-amazon.com/images/I/81tZ5BjW2ML._AC_UY218_ML3_.jpg;4.5;https://www.amazon.com/product-reviews/B07TYW7CSS;23;Android 9.0;6.7;1080x2400;3700;Li-Po;8;2019-04-10;220;128;TRUE;TRUE;TRUE;FALSE;TRUE;TRUE;FALSE;FALSE;TRUE;FALSE;290
B07V3TL48P;OnePlus;6T;https://www.amazon.com/OnePlus-A6013-128GB-Mirror-Black/dp/B07V3TL48P;https://m.media-amazon.com/images/I/61TKhxwPTWL._AC_UY218_ML3_.jpg;4.4;https://www.amazon.com/product-reviews/B07V3TL48P;94;Android 9.0;6.41;1080x2340;3700;Li-Po;8;2018-10-29;185;128;TRUE;TRUE;TRUE;FALSE;TRUE;TRUE;TRUE;TRUE;TRUE;FALSE;430
B07V5KS95Y;Samsung;GalaxyNote10+;https://www.amazon.com/Samsung-Galaxy-Factory-Unlocked-Warranty/dp/B07V5KS95Y;https://m.media-amazon.com/images/I/61Y6BSxzezL._AC_UY218_ML3_.jpg;4.3;https://www.amazon.com/product-reviews/B07V5KS95Y;475;Android 9.0;6.8;1440x3040;4300;Li-Ion;12;2019-08-07;196;256;TRUE;TRUE;TRUE;FALSE;TRUE;TRUE;TRUE;TRUE;FALSE;TRUE;590
B07V5NSD8N;Samsung;GalaxyA80;https://www.amazon.com/Samsung-SM-A805F-DS-Factory-Unlocked/dp/B07V5NSD8N;https://m.media-amazon.com/images/I/61xlXfp3OpL._AC_UY218_ML3_.jpg;4.7;https://www.amazon.com/product-reviews/B07V5NSD8N;17;Android 9.0;6.7;1080x2400;3700;Li-Po;8;2019-04-10;220;128;TRUE;TRUE;TRUE;FALSE;TRUE;TRUE;FALSE;FALSE;TRUE;FALSE;290
B07VB9MMMW;Xiaomi;MiA3;https://www.amazon.com/Xiaomi-Factory-Unlocked-Smartphone-International/dp/B07VB9MMMW;https://m.media-amazon.com/images/I/41kBtX8-WBL._AC_UY218_ML3_.jpg;4.5;https://www.amazon.com/product-reviews/B07VB9MMMW;252;Android 9.0;6.09;720x1560;4030;Li-Po;6;2019-07-17;173;64;TRUE;TRUE;TRUE;FALSE;TRUE;FALSE;TRUE;FALSE;FALSE;FALSE;230
B07VD3JH2C;Xiaomi;MiA3;https://www.amazon.com/Xiaomi-64GB-Triple-Camera-Smartphone/dp/B07VD3JH2C;https://m.media-amazon.com/images/I/51Xm9ay971L._AC_UY218_ML3_.jpg;4.5;https://www.amazon.com/product-reviews/B07VD3JH2C;252;Android 9.0;6.09;720x1560;4030;Li-Po;6;2019-07-17;173;64;TRUE;TRUE;TRUE;FALSE;TRUE;FALSE;TRUE;FALSE;FALSE;FALSE;230
B07VFPMT2Q;Samsung;GalaxyA20;https://www.amazon.com/Samsung-A20-4000mAh-Battery-Unlocked/dp/B07VFPMT2Q;https://m.media-amazon.com/images/I/61aQ7AWYwjL._AC_UY218_ML3_.jpg;3.9;https://www.amazon.com/product-reviews/B07VFPMT2Q;17;Android 9.0;6.4;720x1560;4000;Li-Po;3;2019-03-19;169;32;FALSE;TRUE;FALSE;FALSE;TRUE;FALSE;FALSE;FALSE;FALSE;FALSE;400
B07VGTS8MJ;Samsung;GalaxyA10;https://www.amazon.com/Samsung-A10-Infinity-V-Display-Unlocked/dp/B07VGTS8MJ;https://m.media-amazon.com/images/I/61pPTI6ZisL._AC_UY218_ML3_.jpg;4.3;https://www.amazon.com/product-reviews/B07VGTS8MJ;7;Android 9.0;6.2;720x1520;3400;Li-Ion;4;2019-02-28;168;32;FALSE;TRUE;FALSE;FALSE;TRUE;FALSE;FALSE;FALSE;FALSE;FALSE;300
B07VPMYXST;Xiaomi;MiA3;https://www.amazon.com/Xiaomi-128GB-Triple-Camera-Smartphone/dp/B07VPMYXST;https://m.media-amazon.com/images/I/71nIUSq7TNL._AC_UY218_ML3_.jpg;4.6;https://www.amazon.com/product-reviews/B07VPMYXST;92;Android 9.0;6.09;720x1560;4030;Li-Po;6;2019-07-17;173;64;TRUE;TRUE;TRUE;FALSE;TRUE;FALSE;TRUE;FALSE;FALSE;FALSE;230
B07VPXDV59;Samsung;GalaxyA70;https://www.amazon.com/Samsung-A70-Fingerprint-Super-Fast-International/dp/B07VPXDV59;https://m.media-amazon.com/images/I/61mZ9W2DF9L._AC_UY218_ML3_.jpg;4.5;https://www.amazon.com/product-reviews/B07VPXDV59;78;Android 9.0;6.7;1080x2400;4500;Li-Po;8;2019-03-26;183;128;TRUE;TRUE;TRUE;FALSE;TRUE;TRUE;TRUE;TRUE;FALSE;FALSE;270
B07VZL1W7K;Samsung;GalaxyA50;https://www.amazon.com/Samsung-Version-Factory-Unlocked-SM-A505UZKNXAA/dp/B07VZL1W7K;https://m.media-amazon.com/images/I/71kLFOLKN3L._AC_UY218_ML3_.jpg;4;https://www.amazon.com/product-reviews/B07VZL1W7K;288;Android 9.0;6.4;1080x2340;4000;Li-Po;6;2019-02-25;166;64;FALSE;TRUE;FALSE;FALSE;TRUE;FALSE;FALSE;FALSE;FALSE;FALSE;110
B07VZL3L5V;Samsung;GalaxyA20;https://www.amazon.com/Samsung-Unlocked-SM-A205UZKAXAA-Warranty-Compatible/dp/B07VZL3L5V;https://m.media-amazon.com/images/I/51V-XG0uBDL._AC_UY218_ML3_.jpg;4.4;https://www.amazon.com/product-reviews/B07VZL3L5V;915;Android 9.0;6.4;720x1560;4000;Li-Po;3;2019-03-19;169;32;FALSE;TRUE;FALSE;FALSE;TRUE;FALSE;FALSE;FALSE;FALSE;FALSE;400
B07W166JW7;Samsung;GalaxyA50;https://www.amazon.com/Samsung-A50-Display-Factory-Unlocked/dp/B07W166JW7;https://m.media-amazon.com/images/I/71OUAA9gtAL._AC_UY218_ML3_.jpg;4.7;https://www.amazon.com/product-reviews/B07W166JW7;4;Android 9.0;6.4;1080x2340;4000;Li-Po;6;2019-02-25;166;64;FALSE;TRUE;FALSE;FALSE;TRUE;FALSE;FALSE;FALSE;FALSE;FALSE;110
B07W7VBHRC;Google;Pixel3aXL;https://www.amazon.com/Google-Memory-Unlocked-Clearly-Renewed/dp/B07W7VBHRC;https://m.media-amazon.com/images/I/81600UttUhL._AC_UY218_ML3_.jpg;3.1;https://www.amazon.com/product-reviews/B07W7VBHRC;11;Android 9.0;6;1080x2160;3700;Li-Po;4;2019-05-07;167;64;TRUE;TRUE;TRUE;FALSE;TRUE;FALSE;TRUE;FALSE;FALSE;FALSE;290
B07WCCNV2D;Xiaomi;RedmiNote7;https://www.amazon.com/Xiaomi-Display-Camera-Factory-Unlocked/dp/B07WCCNV2D;https://m.media-amazon.com/images/I/51Q73J3PM4L._AC_UY218_ML3_.jpg;3.6;https://www.amazon.com/product-reviews/B07WCCNV2D;5;Android 9.0;6.3;1080x2340;4000;Li-Po;6;2019-01-10;186;32;FALSE;TRUE;FALSE;FALSE;FALSE;FALSE;TRUE;FALSE;FALSE;FALSE;170
B07WHKYDV3;Samsung;GalaxyNote10;https://www.amazon.com/Samsung-Galaxy-SM-N970F-Factory-Unlocked/dp/B07WHKYDV3;https://m.media-amazon.com/images/I/612AiFq9e6L._AC_UY218_ML3_.jpg;5;https://www.amazon.com/product-reviews/B07WHKYDV3;2;Android 9.0;6.3;1080x2280;3500;Li-Ion;8;2019-08-07;168;256;TRUE;TRUE;TRUE;FALSE;TRUE;TRUE;TRUE;TRUE;FALSE;TRUE;80
B07WKSVF6X;Samsung;GalaxyA50;https://www.amazon.com/Samsung-A50-Display-Factory-Unlocked/dp/B07WKSVF6X;https://m.media-amazon.com/images/I/61HyCNLJ2+L._AC_UY218_ML3_.jpg;4.1;https://www.amazon.com/product-reviews/B07WKSVF6X;23;Android 9.0;6.4;1080x2340;4000;Li-Po;6;2019-02-25;166;64;FALSE;TRUE;FALSE;FALSE;TRUE;FALSE;FALSE;FALSE;FALSE;FALSE;110
B07WP6ZLL8;Samsung;GalaxyNote10+;https://www.amazon.com/Samsung-DS-Dynamic-Unlocked-Smartphone/dp/B07WP6ZLL8;https://m.media-amazon.com/images/I/51tkQz5m9OL._AC_UY218_ML3_.jpg;3.6;https://www.amazon.com/product-reviews/B07WP6ZLL8;7;Android 9.0;6.8;1440x3040;4300;Li-Ion;12;2019-08-07;196;256;TRUE;TRUE;TRUE;FALSE;TRUE;TRUE;TRUE;TRUE;FALSE;TRUE;590
B07WW25BSV;Xiaomi;MiA3;https://www.amazon.com/Xiaomi-Unlocked-Smartphone-International-Version/dp/B07WW25BSV;https://m.media-amazon.com/images/I/81GVIi+4Y0L._AC_UY218_ML3_.jpg;4.6;https://www.amazon.com/product-reviews/B07WW25BSV;92;Android 9.0;6.09;720x1560;4030;Li-Po;6;2019-07-17;173;64;TRUE;TRUE;TRUE;FALSE;TRUE;FALSE;TRUE;FALSE;FALSE;FALSE;230
B07X5RRZFP;Xiaomi;Mi9;https://www.amazon.com/Xiaomi-Display-Snapdragon-Factory-Unlocked/dp/B07X5RRZFP;https://m.media-amazon.com/images/I/615NIeqoipL._AC_UY218_ML3_.jpg;4.4;https://www.amazon.com/product-reviews/B07X5RRZFP;49;Android 9.0;6.39;1080x2340;3300;Li-Po;8;2019-02-20;173;64;TRUE;TRUE;TRUE;FALSE;TRUE;TRUE;TRUE;TRUE;FALSE;TRUE;590
B07X5SHN81;Xiaomi;Mi9TPro;https://www.amazon.com/Xiaomi-Mi-9T-Pro-Snapdragon/dp/B07X5SHN81;https://m.media-amazon.com/images/I/61u2D0UFFxL._AC_UY218_ML3_.jpg;4.5;https://www.amazon.com/product-reviews/B07X5SHN81;76;Android 9.0;6.39;1080x2340;4000;Li-Po;8;2019-08-21;191;64;TRUE;TRUE;TRUE;FALSE;TRUE;TRUE;TRUE;TRUE;FALSE;TRUE;325.38
B07X5VF1FM;Xiaomi;Mi9T;https://www.amazon.com/Xiaomi-Display-Snapdragon-Factory-Unlocked/dp/B07X5VF1FM;https://m.media-amazon.com/images/I/61wqISkeqCL._AC_UY218_ML3_.jpg;4.3;https://www.amazon.com/product-reviews/B07X5VF1FM;44;Android 9.0;6.39;1080x2340;4000;Li-Po;6;2019-06-12;191;64;TRUE;TRUE;TRUE;FALSE;TRUE;TRUE;TRUE;TRUE;FALSE;TRUE;460
B07XF928ZP;Sony;Xperia5;https://www.amazon.com/Sony-Xperia-5-Unlocked-Smartphone/dp/B07XF928ZP;https://m.media-amazon.com/images/I/71ESPnb152L._AC_UY218_ML3_.jpg;4.1;https://www.amazon.com/product-reviews/B07XF928ZP;17;Android 9.0;6.1;1080x2520;3140;Li-Ion;6;2019-09-05;164;128;TRUE;TRUE;TRUE;FALSE;TRUE;TRUE;FALSE;FALSE;FALSE;FALSE;500
B07XQJ33PL;Samsung;GalaxyA10s;https://www.amazon.com/Samsung-Infinity-V-Display-Camera-Unlocked/dp/B07XQJ33PL;https://m.media-amazon.com/images/I/51wPu6Z989L._AC_UY218_ML3_.jpg;4.2;https://www.amazon.com/product-reviews/B07XQJ33PL;98;Android 9.0;6.2;720x1520;4000;Li-Po;3;2019-08-12;168;32;FALSE;TRUE;FALSE;FALSE;TRUE;FALSE;FALSE;FALSE;FALSE;FALSE;260
B07XVNDQMR;OnePlus;6T;https://www.amazon.com/OnePlus-A6013-128GB-Mirror-Black/dp/B07XVNDQMR;https://m.media-amazon.com/images/I/61aFHNJdl9L._AC_UY218_ML3_.jpg;4.4;https://www.amazon.com/product-reviews/B07XVNDQMR;31;Android 9.0;6.41;1080x2340;3700;Li-Po;8;2018-10-29;185;128;TRUE;TRUE;TRUE;FALSE;TRUE;TRUE;TRUE;TRUE;TRUE;FALSE;430
B07XVS6NQH;Samsung;GalaxyNote9;https://www.amazon.com/Samsung-Galaxy-Note-Unlocked-Smartphone/dp/B07XVS6NQH;https://m.media-amazon.com/images/I/61cceqaKnWL._AC_UY218_ML3_.jpg;3.7;https://www.amazon.com/product-reviews/B07XVS6NQH;7;Android 8.1;6.4;1440x2960;4000;Li-Ion;8;2018-08-09;201;128;TRUE;TRUE;TRUE;FALSE;TRUE;TRUE;TRUE;TRUE;FALSE;TRUE;150
B07XZJG7V9;Samsung;GalaxyS10+;https://www.amazon.com/Samsung-Galaxy-G975U-T-Mobile-Unlocked/dp/B07XZJG7V9;https://m.media-amazon.com/images/I/61mWq3bufpL._AC_UY218_ML3_.jpg;5;https://www.amazon.com/product-reviews/B07XZJG7V9;1;Android 9.0;6.4;1440x3040;4100;Li-Ion;8;2019-02-20;175;128;TRUE;TRUE;TRUE;FALSE;TRUE;TRUE;TRUE;TRUE;FALSE;TRUE;360
B07Y336C8S;Xiaomi;Mi9Lite;https://www.amazon.com/Xiaomi-AMOLED-Factory-Unlocked-Smartphone/dp/B07Y336C8S;https://m.media-amazon.com/images/I/513bSchK1AL._AC_UY218_ML3_.jpg;5;https://www.amazon.com/product-reviews/B07Y336C8S;2;Android 9.0;6.39;1080x2340;4030;Li-Po;6;2019-09-16;179;64;TRUE;TRUE;TRUE;FALSE;TRUE;TRUE;TRUE;FALSE;FALSE;TRUE;320
B07Y4YJ98Z;Xiaomi;Mi9;https://www.amazon.com/Xiaomi-AMOLED-Factory-Unlocked-Smartphone/dp/B07Y4YJ98Z;https://m.media-amazon.com/images/I/51fNEK+JS9L._AC_UY218_ML3_.jpg;4.7;https://www.amazon.com/product-reviews/B07Y4YJ98Z;40;Android 9.0;6.39;1080x2340;3300;Li-Po;8;2019-02-20;173;64;TRUE;TRUE;TRUE;FALSE;TRUE;TRUE;TRUE;TRUE;FALSE;TRUE;590
B07Y8Q17N9;Xiaomi;Mi9Lite;https://www.amazon.com/Xiaomi-Lite-Display-Factory-Unlocked/dp/B07Y8Q17N9;https://m.media-amazon.com/images/I/510i1zf1d6L._AC_UY218_ML3_.jpg;4.4;https://www.amazon.com/product-reviews/B07Y8Q17N9;4;Android 9.0;6.39;1080x2340;4030;Li-Po;6;2019-09-16;179;64;TRUE;TRUE;TRUE;FALSE;TRUE;TRUE;TRUE;FALSE;FALSE;TRUE;320
B07Y8XK9GC;Xiaomi;RedmiNote8;https://www.amazon.com/Xiaomi-Camera-Gaming-Processor-Unlocked/dp/B07Y8XK9GC;https://m.media-amazon.com/images/I/717jdCOqv6L._AC_UY218_ML3_.jpg;4.5;https://www.amazon.com/product-reviews/B07Y8XK9GC;148;Android 9.0;6.3;1080x2340;4000;Li-Po;6;2019-08-29;190;32;TRUE;TRUE;TRUE;FALSE;TRUE;FALSE;TRUE;FALSE;FALSE;FALSE;220
B07Y8YWTFL;Xiaomi;RedmiNote8Pro;https://www.amazon.com/Xiaomi-Redmi-Factory-Unlocked-Smartphone/dp/B07Y8YWTFL;https://m.media-amazon.com/images/I/81UgYuadkpL._AC_UY218_ML3_.jpg;4.5;https://www.amazon.com/product-reviews/B07Y8YWTFL;148;Android 9.0;6.53;1080x2340;4500;Li-Po;8;2019-08-29;200;64;TRUE;TRUE;TRUE;FALSE;TRUE;TRUE;TRUE;FALSE;FALSE;TRUE;220
B07YBHNTSK;Google;Pixel3aXL;https://www.amazon.com/Google-Pixel-Verizon-Black-Renewed/dp/B07YBHNTSK;https://m.media-amazon.com/images/I/51C1LzmgNHL._AC_UY218_ML3_.jpg;5;https://www.amazon.com/product-reviews/B07YBHNTSK;1;Android 9.0;6;1080x2160;3700;Li-Po;4;2019-05-07;167;64;TRUE;TRUE;TRUE;FALSE;TRUE;FALSE;TRUE;FALSE;FALSE;FALSE;290
B07YF4PB4R;Xiaomi;12;https://www.amazon.com/Xiaomi-128GB-Display-Factory-Unlocked/dp/B07YF4PB4R;https://m.media-amazon.com/images/I/513bSchK1AL._AC_UY218_ML3_.jpg;4.1;https://www.amazon.com/product-reviews/B07YF4PB4R;6;Android 12;6.28;1080x2400;4500;Li-Po;8;2021-12-28;179;128;TRUE;TRUE;TRUE;TRUE;FALSE;TRUE;FALSE;FALSE;FALSE;TRUE;399.99
B07YJHXZT6;Xiaomi;RedmiNote8;https://www.amazon.com/Xiaomi-Redmi-Factory-Unlocked-Smartphone/dp/B07YJHXZT6;https://m.media-amazon.com/images/I/51dd-GC9iaL._AC_UY218_ML3_.jpg;4.6;https://www.amazon.com/product-reviews/B07YJHXZT6;103;Android 9.0;6.3;1080x2340;4000;Li-Po;6;2019-08-29;190;32;TRUE;TRUE;TRUE;FALSE;TRUE;FALSE;TRUE;FALSE;FALSE;FALSE;220
B07YMNLXL3;Google;Pixel4;https://www.amazon.com/Google-Pixel-Just-Black-Unlocked/dp/B07YMNLXL3;https://m.media-amazon.com/images/I/61C9GrXEp4L._AC_UY218_ML3_.jpg;4.2;https://www.amazon.com/product-reviews/B07YMNLXL3;241;Android 10;5.7;1080x2280;2800;Li-Po;6;2019-10-15;162;64;TRUE;TRUE;TRUE;FALSE;TRUE;FALSE;TRUE;FALSE;FALSE;FALSE;300
B07YN4TPDW;Xiaomi;RedmiNote8;https://www.amazon.com/Xiaomi-Display-Snapdragon-Factory-Unlocked/dp/B07YN4TPDW;https://m.media-amazon.com/images/I/5116LXitm1L._AC_UY218_ML3_.jpg;3.7;https://www.amazon.com/product-reviews/B07YN4TPDW;11;Android 9.0;6.3;1080x2340;4000;Li-Po;6;2019-08-29;190;32;TRUE;TRUE;TRUE;FALSE;TRUE;FALSE;TRUE;FALSE;FALSE;FALSE;220
B07YQ58NPF;Xiaomi;RedmiNote8Pro;https://www.amazon.com/Xiaomi-Redmi-Note-128GB-Smartphone/dp/B07YQ58NPF;https://m.media-amazon.com/images/I/71Wdzni6wRL._AC_UY218_ML3_.jpg;4.6;https://www.amazon.com/product-reviews/B07YQ58NPF;127;Android 9.0;6.53;1080x2340;4500;Li-Po;8;2019-08-29;200;64;TRUE;TRUE;TRUE;FALSE;TRUE;TRUE;TRUE;FALSE;FALSE;TRUE;220
B07YSSGS7C;Samsung;GalaxyS10e;https://www.amazon.com/Samsung-Unlocked-Warranty-Flamingo-Renewed/dp/B07YSSGS7C;https://m.media-amazon.com/images/I/31LMbW2JExL._AC_UY218_ML3_.jpg;1;https://www.amazon.com/product-reviews/B07YSSGS7C;1;Android 9.0;5.8;1080x2280;3100;Li-Ion;8;2019-02-20;150;128;TRUE;TRUE;TRUE;FALSE;TRUE;TRUE;TRUE;TRUE;FALSE;TRUE;260
B07YZLRS3Z;Xiaomi;RedmiNote8;https://www.amazon.com/Xiaomi-Redmi-Factory-Unlocked-Smartphone/dp/B07YZLRS3Z;https://m.media-amazon.com/images/I/61YjtJEsM2L._AC_UY218_ML3_.jpg;4.6;https://www.amazon.com/product-reviews/B07YZLRS3Z;103;Android 9.0;6.3;1080x2340;4000;Li-Po;6;2019-08-29;190;32;TRUE;TRUE;TRUE;FALSE;TRUE;FALSE;TRUE;FALSE;FALSE;FALSE;220
B07YZS6QT3;Samsung;GalaxyA30;https://www.amazon.com/Samsung-A30S-Screen-Fingerprint-Unlocked/dp/B07YZS6QT3;https://m.media-amazon.com/images/I/61MARJkahkL._AC_UY218_ML3_.jpg;4.5;https://www.amazon.com/product-reviews/B07YZS6QT3;26;Android 9.0;6.4;1080x2340;4000;Li-Po;4;2019-02-25;165;32;FALSE;TRUE;FALSE;FALSE;TRUE;FALSE;FALSE;FALSE;FALSE;FALSE;100
B07Z3XZDT5;Samsung;GalaxyNote10;https://www.amazon.com/Samsung-Factory-Unlocked-Warranty-Renewed/dp/B07Z3XZDT5;https://m.media-amazon.com/images/I/61jLpFaAiqL._AC_UY218_ML3_.jpg;3.5;https://www.amazon.com/product-reviews/B07Z3XZDT5;18;Android 9.0;6.3;1080x2280;3500;Li-Ion;8;2019-08-07;168;256;TRUE;TRUE;TRUE;FALSE;TRUE;TRUE;TRUE;TRUE;FALSE;TRUE;80
B07Z41LHPB;Samsung;GalaxyNote10+;https://www.amazon.com/Samsung-Galaxy-Unlocked-Smartphone-Renewed/dp/B07Z41LHPB;https://m.media-amazon.com/images/I/618bEcxx-aL._AC_UY218_ML3_.jpg;2.8;https://www.amazon.com/product-reviews/B07Z41LHPB;11;Android 9.0;6.8;1440x3040;4300;Li-Ion;12;2019-08-07;196;256;TRUE;TRUE;TRUE;FALSE;TRUE;TRUE;TRUE;TRUE;FALSE;TRUE;590
B07Z8BL2VW;Xiaomi;Redmi8A;https://www.amazon.com/Xiaomi-Display-Snapdragon-5000mAh-Unlocked/dp/B07Z8BL2VW;https://m.media-amazon.com/images/I/51U74AZGyBL._AC_UY218_ML3_.jpg;4.4;https://www.amazon.com/product-reviews/B07Z8BL2VW;9;Android 9.0;6.22;720x1520;5000;Li-Po;4;2019-09-25;188;32;FALSE;TRUE;FALSE;FALSE;TRUE;FALSE;FALSE;FALSE;FALSE;FALSE;120
B07ZDJ6V5S;OnePlus;7Pro;https://www.amazon.com/Oneplus-Unlocked-International-Warranty-Renewed/dp/B07ZDJ6V5S;https://m.media-amazon.com/images/I/71kjpRLl-OL._AC_UY218_ML3_.jpg;1;https://www.amazon.com/product-reviews/B07ZDJ6V5S;1;Android 9.0;6.67;1440x3120;4000;Li-Po;6;2019-05-14;206;128;TRUE;TRUE;TRUE;FALSE;TRUE;TRUE;TRUE;TRUE;TRUE;FALSE;590
B07ZDJCL76;Samsung;GalaxyA20s;https://www.amazon.com/Samsung-Snapdragon-Factory-Unlocked-International/dp/B07ZDJCL76;https://m.media-amazon.com/images/I/51y15-dg6fL._AC_UY218_ML3_.jpg;4.4;https://www.amazon.com/product-reviews/B07ZDJCL76;52;Android 9.0;6.5;720x1560;4000;Li-Po;4;2019-09-24;183;32;FALSE;TRUE;FALSE;FALSE;TRUE;FALSE;FALSE;FALSE;FALSE;FALSE;110
B07ZGHYFZ4;Xiaomi;MiNote10;https://www.amazon.com/Xiaomi-Factory-Unlocked-Smartphone-International/dp/B07ZGHYFZ4;https://m.media-amazon.com/images/I/81xsUqImP+L._AC_UY218_ML3_.jpg;5;https://www.amazon.com/product-reviews/B07ZGHYFZ4;3;Android 9.0;6.47;1080x2340;5260;Li-Po;6;2019-11-06;208;128;TRUE;TRUE;TRUE;FALSE;TRUE;TRUE;TRUE;TRUE;FALSE;TRUE;380
B07ZHPCJW3;OnePlus;7T;https://www.amazon.com/OnePlus-Factory-Unlocked-Display-Warranty/dp/B07ZHPCJW3;https://m.media-amazon.com/images/I/615WqTI9NaL._AC_UY218_ML3_.jpg;3.2;https://www.amazon.com/product-reviews/B07ZHPCJW3;5;Android 10;6.55;1080x2400;3800;Li-Po;8;2019-09-26;190;128;TRUE;TRUE;TRUE;FALSE;TRUE;TRUE;TRUE;TRUE;FALSE;TRUE;258.5
B07ZP9ZWFM;Google;Pixel3a;https://www.amazon.com/Google-Pixel-G202G-Memory-Unlocked/dp/B07ZP9ZWFM;https://m.media-amazon.com/images/I/61XLY6urt-L._AC_UY218_ML3_.jpg;5;https://www.amazon.com/product-reviews/B07ZP9ZWFM;2;Android 9.0;5.6;1080x2220;3000;Li-Po;4;2019-05-07;147;64;TRUE;TRUE;TRUE;FALSE;TRUE;FALSE;TRUE;FALSE;FALSE;FALSE;290
B07ZPKBL9V;Apple;iPhone11;https://www.amazon.com/Apple-iPhone-11-64GB-Unlocked/dp/B07ZPKBL9V;https://m.media-amazon.com/images/I/41B2g2wqYSL._AC_UY218_ML3_.jpg;5;https://www.amazon.com/product-reviews/B07ZPKBL9V;1;iOS 13;6.1;828x1792;3110;Li-Ion;4;2019-09-10;194;64;TRUE;TRUE;TRUE;FALSE;TRUE;TRUE;TRUE;TRUE;FALSE;FALSE;494
B07ZPKZSSC;Apple;iPhone11Pro;https://www.amazon.com/Apple-iPhone-64GB-Fully-Unlocked/dp/B07ZPKZSSC;https://m.media-amazon.com/images/I/41wDuEW9iZL._AC_UY218_ML3_.jpg;1;https://www.amazon.com/product-reviews/B07ZPKZSSC;1;iOS 13;5.8;1125x2436;3046;Li-Ion;4;2019-09-10;188;64;TRUE;TRUE;TRUE;FALSE;TRUE;TRUE;TRUE;TRUE;FALSE;FALSE;429.89
B07ZQSGP53;Xiaomi;RedmiNote8;https://www.amazon.com/Xiaomi-Display-Snapdragon-Factory-Unlocked/dp/B07ZQSGP53;https://m.media-amazon.com/images/I/41foh4FKHEL._AC_UY218_ML3_.jpg;4.6;https://www.amazon.com/product-reviews/B07ZQSGP53;3;Android 9.0;6.3;1080x2340;4000;Li-Po;6;2019-08-29;190;32;TRUE;TRUE;TRUE;FALSE;TRUE;FALSE;TRUE;FALSE;FALSE;FALSE;220
B081H6STQQ;Sony;Xperia1;https://www.amazon.com/Sony-Smartphone-WH1000XM3-Cancelling-Heaphones/dp/B081H6STQQ;https://m.media-amazon.com/images/I/51zZTAXZTPL._AC_UY218_ML3_.jpg;4.5;https://www.amazon.com/product-reviews/B081H6STQQ;70;Android 9.0;6.5;1644x3840;3330;Li-Ion;6;2019-02-25;178;64;TRUE;TRUE;TRUE;FALSE;TRUE;TRUE;FALSE;FALSE;FALSE;TRUE;500
B081TJFVCJ;Apple;iPhoneX;https://www.amazon.com/Apple-iPhone-64GB-Gray-Unlocked/dp/B081TJFVCJ;https://m.media-amazon.com/images/I/71yMgOenT5L._AC_UY218_ML3_.jpg;5;https://www.amazon.com/product-reviews/B081TJFVCJ;1;iOS 11.1.1;5.8;1125x2436;2716;Li-Ion;3;2017-09-12;174;64;TRUE;TRUE;TRUE;FALSE;TRUE;TRUE;TRUE;TRUE;FALSE;FALSE;280
B0825BB7SG;Samsung;GalaxyA10e;https://www.amazon.com/Straight-Samsung-Galaxy-Smartphone-Memory/dp/B0825BB7SG;https://m.media-amazon.com/images/I/81+3SWSAhDL._AC_UY218_ML3_.jpg;5;https://www.amazon.com/product-reviews/B0825BB7SG;1;Android 9.0;5.83;720x1560;3000;Li-Ion;3;2019-07-01;141;32;FALSE;TRUE;FALSE;FALSE;TRUE;FALSE;FALSE;FALSE;FALSE;FALSE;120
